{
  "type": "FeatureCollection",
  "name": "Romania winter climate zones",
  "metadata": {
    "schema": "lacurent_geographic_layer_v1",
    "layer": "winter_climate_zones",
    "crs": "EPSG:4326",
    "normative_source": {
      "document": "Mc 001-2022",
      "figure": "Figura 2.1 / Figura A.1 — Zonarea climatică – iarna de calcul",
      "publication": "Monitorul Oficial al României, Partea I, nr. 46 bis/17.I.2023",
      "temperature_c": {
        "I": -12,
        "II": -15,
        "III": -18,
        "IV": -21,
        "V": -24
      }
    },
    "geometry_source": {
      "method": "digitized_from_reference_raster_then_affine_georeferenced_and_clipped_to_romania_boundary",
      "reference_raster": "user-supplied zoning map consistent with normative zone layout",
      "country_boundary": "Natural Earth low-resolution Romania boundary used only as geographic clipping shell",
      "accuracy": "UI / preliminary geographic lookup; requires control-point certification against the high-resolution normative figure before being used as legal/normative GIS authority"
    }
  },
  "features": [
    {
      "type": "Feature",
      "properties": {
        "zone": "I",
        "design_temperature_c": -12,
        "fill": "#F3D65C"
      },
      "geometry": {
        "type": "MultiPolygon",
        "coordinates": [
          [
            [
              [
                22.6651645765412,
                44.32617449126898
              ],
              [
                22.69912252207007,
                44.32617449126898
              ],
              [
                22.69912252207007,
                44.34895055420092
              ],
              [
                22.733080467598935,
                44.34895055420092
              ],
              [
                22.733080467598935,
                44.37172661713286
              ],
              [
                22.7670384131278,
                44.37172661713286
              ],
              [
                22.7670384131278,
                44.41727874299673
              ],
              [
                22.80099635865667,
                44.41727874299673
              ],
              [
                22.80099635865667,
                44.44005480592867
              ],
              [
                22.8689122497144,
                44.44005480592867
              ],
              [
                22.8689122497144,
                44.46283086886061
              ],
              [
                22.902870195243267,
                44.46283086886061
              ],
              [
                22.902870195243267,
                44.485606931792546
              ],
              [
                22.8689122497144,
                44.485606931792546
              ],
              [
                22.8689122497144,
                44.53115905765642
              ],
              [
                22.834954304185533,
                44.53115905765642
              ],
              [
                22.834954304185533,
                44.622263309384174
              ],
              [
                22.80099635865667,
                44.622263309384174
              ],
              [
                22.80099635865667,
                44.645039372316106
              ],
              [
                22.7670384131278,
                44.645039372316106
              ],
              [
                22.7670384131278,
                44.667815435248045
              ],
              [
                22.733080467598935,
                44.667815435248045
              ],
              [
                22.733080467598935,
                44.690591498179984
              ],
              [
                22.6651645765412,
                44.690591498179984
              ],
              [
                22.6651645765412,
                44.71336756111192
              ],
              [
                22.59724868548347,
                44.71336756111192
              ],
              [
                22.59724868548347,
                44.73614362404386
              ],
              [
                22.529332794425738,
                44.73614362404386
              ],
              [
                22.529332794425738,
                44.758919686975794
              ],
              [
                22.461416903368004,
                44.758919686975794
              ],
              [
                22.461416903368004,
                44.78169574990773
              ],
              [
                22.393501012310274,
                44.78169574990773
              ],
              [
                22.393501012310274,
                44.80447181283967
              ],
              [
                22.32558512125254,
                44.80447181283967
              ],
              [
                22.32558512125254,
                44.82724787577161
              ],
              [
                22.257669230194807,
                44.82724787577161
              ],
              [
                22.257669230194807,
                44.85002393870355
              ],
              [
                22.189753339137077,
                44.85002393870355
              ],
              [
                22.189753339137077,
                44.87280000163549
              ],
              [
                22.15579539360821,
                44.87280000163549
              ],
              [
                22.15579539360821,
                44.89557606456742
              ],
              [
                22.08787950255048,
                44.89557606456742
              ],
              [
                22.08787950255048,
                44.91835212749936
              ],
              [
                22.05392155702161,
                44.91835212749936
              ],
              [
                22.05392155702161,
                45.00945637922712
              ],
              [
                22.019963611492745,
                45.00945637922712
              ],
              [
                22.019963611492745,
                45.03223244215905
              ],
              [
                21.98600566596388,
                45.03223244215905
              ],
              [
                21.98600566596388,
                45.07778456802293
              ],
              [
                22.019963611492745,
                45.07778456802293
              ],
              [
                22.019963611492745,
                45.10056063095487
              ],
              [
                21.98600566596388,
                45.10056063095487
              ],
              [
                21.98600566596388,
                45.123336693886806
              ],
              [
                21.95204772043501,
                45.123336693886806
              ],
              [
                21.95204772043501,
                45.14611275681874
              ],
              [
                21.918089774906147,
                45.14611275681874
              ],
              [
                21.918089774906147,
                45.328321260274244
              ],
              [
                21.95204772043501,
                45.328321260274244
              ],
              [
                21.95204772043501,
                45.48775370079781
              ],
              [
                21.98600566596388,
                45.48775370079781
              ],
              [
                21.98600566596388,
                45.852170707708815
              ],
              [
                21.95204772043501,
                45.852170707708815
              ],
              [
                21.95204772043501,
                45.920498896504625
              ],
              [
                21.918089774906147,
                45.920498896504625
              ],
              [
                21.918089774906147,
                45.966051022368504
              ],
              [
                21.884131829377278,
                45.966051022368504
              ],
              [
                21.884131829377278,
                45.98882708530044
              ],
              [
                21.850173883848413,
                45.98882708530044
              ],
              [
                21.850173883848413,
                46.01160314823238
              ],
              [
                21.816215938319548,
                46.01160314823238
              ],
              [
                21.816215938319548,
                46.034379211164314
              ],
              [
                21.78225799279068,
                46.034379211164314
              ],
              [
                21.78225799279068,
                46.05715527409625
              ],
              [
                21.748300047261814,
                46.05715527409625
              ],
              [
                21.748300047261814,
                46.07993133702819
              ],
              [
                21.71434210173295,
                46.07993133702819
              ],
              [
                21.71434210173295,
                46.10270739996013
              ],
              [
                21.68038415620408,
                46.10270739996013
              ],
              [
                21.68038415620408,
                46.12548346289207
              ],
              [
                21.646426210675216,
                46.12548346289207
              ],
              [
                21.646426210675216,
                46.148259525824
              ],
              [
                21.578510319617482,
                46.148259525824
              ],
              [
                21.578510319617482,
                46.17103558875594
              ],
              [
                21.544552374088617,
                46.17103558875594
              ],
              [
                21.544552374088617,
                46.19381165168788
              ],
              [
                21.510594428559752,
                46.19381165168788
              ],
              [
                21.510594428559752,
                46.21658771461982
              ],
              [
                21.476636483030884,
                46.21658771461982
              ],
              [
                21.476636483030884,
                46.23936377755176
              ],
              [
                21.44267853750202,
                46.23936377755176
              ],
              [
                21.44267853750202,
                46.2621398404837
              ],
              [
                21.374762646444285,
                46.2621398404837
              ],
              [
                21.374762646444285,
                46.28491590341563
              ],
              [
                21.34080470091542,
                46.28491590341563
              ],
              [
                21.34080470091542,
                46.30769196634757
              ],
              [
                21.306846755386555,
                46.30769196634757
              ],
              [
                21.306846755386555,
                46.33046802927951
              ],
              [
                21.272888809857687,
                46.33046802927951
              ],
              [
                21.272888809857687,
                46.35324409221145
              ],
              [
                21.171014973271088,
                46.35324409221145
              ],
              [
                21.171014973271088,
                46.33046802927951
              ],
              [
                21.137057027742223,
                46.33046802927951
              ],
              [
                21.137057027742223,
                46.23936377755176
              ],
              [
                21.103099082213358,
                46.23936377755176
              ],
              [
                21.103099082213358,
                46.21658771461982
              ],
              [
                21.06914113668449,
                46.21658771461982
              ],
              [
                21.06914113668449,
                46.19381165168788
              ],
              [
                21.035183191155625,
                46.19381165168788
              ],
              [
                21.035183191155625,
                46.17103558875594
              ],
              [
                20.89935140904016,
                46.17103558875594
              ],
              [
                20.89935140904016,
                46.19381165168788
              ],
              [
                20.72956168139583,
                46.19381165168788
              ],
              [
                20.72956168139583,
                46.17103558875594
              ],
              [
                20.695603735866964,
                46.17103558875594
              ],
              [
                20.695603735866964,
                46.12548346289207
              ],
              [
                20.661645790338095,
                46.12548346289207
              ],
              [
                20.661645790338095,
                46.10270739996013
              ],
              [
                20.62768784480923,
                46.10270739996013
              ],
              [
                20.62768784480923,
                46.07993133702819
              ],
              [
                20.593729899280365,
                46.07993133702819
              ],
              [
                20.593729899280365,
                46.05715527409625
              ],
              [
                20.525814008222632,
                46.05715527409625
              ],
              [
                20.525814008222632,
                46.07993133702819
              ],
              [
                20.4578981171649,
                46.07993133702819
              ],
              [
                20.4578981171649,
                46.10270739996013
              ],
              [
                20.423940171636033,
                46.10270739996013
              ],
              [
                20.423940171636033,
                46.07993133702819
              ],
              [
                20.28576856114748,
                46.07993133702819
              ],
              [
                20.220192498462836,
                46.127468980486555
              ],
              [
                21.02195234547125,
                46.3160879583519
              ],
              [
                21.626514926853872,
                46.99423777931816
              ],
              [
                21.95204772043501,
                47.46074710263755
              ],
              [
                21.95204772043501,
                47.287062672420895
              ],
              [
                21.98600566596388,
                47.287062672420895
              ],
              [
                21.98600566596388,
                47.26428660948896
              ],
              [
                22.019963611492745,
                47.26428660948896
              ],
              [
                22.019963611492745,
                47.218734483625084
              ],
              [
                22.05392155702161,
                47.218734483625084
              ],
              [
                22.05392155702161,
                47.173182357761206
              ],
              [
                22.08787950255048,
                47.173182357761206
              ],
              [
                22.08787950255048,
                47.127630231897335
              ],
              [
                22.121837448079344,
                47.127630231897335
              ],
              [
                22.121837448079344,
                47.05930204310152
              ],
              [
                22.15579539360821,
                47.05930204310152
              ],
              [
                22.15579539360821,
                46.99097385430571
              ],
              [
                22.189753339137077,
                46.99097385430571
              ],
              [
                22.189753339137077,
                46.89986960257795
              ],
              [
                22.223711284665942,
                46.89986960257795
              ],
              [
                22.223711284665942,
                46.8087653508502
              ],
              [
                22.189753339137077,
                46.8087653508502
              ],
              [
                22.189753339137077,
                46.76321322498633
              ],
              [
                22.15579539360821,
                46.76321322498633
              ],
              [
                22.15579539360821,
                46.672108973258574
              ],
              [
                22.121837448079344,
                46.672108973258574
              ],
              [
                22.121837448079344,
                46.649332910326635
              ],
              [
                22.08787950255048,
                46.649332910326635
              ],
              [
                22.08787950255048,
                46.6265568473947
              ],
              [
                22.05392155702161,
                46.6265568473947
              ],
              [
                22.05392155702161,
                46.603780784462764
              ],
              [
                22.019963611492745,
                46.603780784462764
              ],
              [
                22.019963611492745,
                46.558228658598885
              ],
              [
                21.98600566596388,
                46.558228658598885
              ],
              [
                21.98600566596388,
                46.512676532735014
              ],
              [
                21.95204772043501,
                46.512676532735014
              ],
              [
                21.95204772043501,
                46.42157228100726
              ],
              [
                21.98600566596388,
                46.42157228100726
              ],
              [
                21.98600566596388,
                46.37602015514339
              ],
              [
                22.019963611492745,
                46.37602015514339
              ],
              [
                22.019963611492745,
                46.30769196634757
              ],
              [
                22.05392155702161,
                46.30769196634757
              ],
              [
                22.05392155702161,
                46.28491590341563
              ],
              [
                22.08787950255048,
                46.28491590341563
              ],
              [
                22.08787950255048,
                46.2621398404837
              ],
              [
                22.121837448079344,
                46.2621398404837
              ],
              [
                22.121837448079344,
                46.23936377755176
              ],
              [
                22.15579539360821,
                46.23936377755176
              ],
              [
                22.15579539360821,
                46.21658771461982
              ],
              [
                22.189753339137077,
                46.21658771461982
              ],
              [
                22.189753339137077,
                46.19381165168788
              ],
              [
                22.223711284665942,
                46.19381165168788
              ],
              [
                22.223711284665942,
                46.17103558875594
              ],
              [
                22.291627175723676,
                46.17103558875594
              ],
              [
                22.291627175723676,
                46.148259525824
              ],
              [
                22.32558512125254,
                46.148259525824
              ],
              [
                22.32558512125254,
                46.12548346289207
              ],
              [
                22.359543066781406,
                46.12548346289207
              ],
              [
                22.359543066781406,
                46.10270739996013
              ],
              [
                22.393501012310274,
                46.10270739996013
              ],
              [
                22.393501012310274,
                45.943274959436565
              ],
              [
                22.359543066781406,
                45.943274959436565
              ],
              [
                22.359543066781406,
                45.80661858184494
              ],
              [
                22.393501012310274,
                45.80661858184494
              ],
              [
                22.393501012310274,
                45.783842518913
              ],
              [
                22.42745895783914,
                45.783842518913
              ],
              [
                22.42745895783914,
                45.73829039304913
              ],
              [
                22.461416903368004,
                45.73829039304913
              ],
              [
                22.461416903368004,
                45.66996220425331
              ],
              [
                22.42745895783914,
                45.66996220425331
              ],
              [
                22.42745895783914,
                45.55608188959362
              ],
              [
                22.461416903368004,
                45.55608188959362
              ],
              [
                22.461416903368004,
                45.53330582666168
              ],
              [
                22.495374848896873,
                45.53330582666168
              ],
              [
                22.495374848896873,
                45.51052976372975
              ],
              [
                22.529332794425738,
                45.51052976372975
              ],
              [
                22.529332794425738,
                45.48775370079781
              ],
              [
                22.495374848896873,
                45.48775370079781
              ],
              [
                22.495374848896873,
                45.46497763786587
              ],
              [
                22.461416903368004,
                45.46497763786587
              ],
              [
                22.461416903368004,
                45.44220157493393
              ],
              [
                22.42745895783914,
                45.44220157493393
              ],
              [
                22.42745895783914,
                45.41942551200199
              ],
              [
                22.393501012310274,
                45.41942551200199
              ],
              [
                22.393501012310274,
                45.396649449070054
              ],
              [
                22.359543066781406,
                45.396649449070054
              ],
              [
                22.359543066781406,
                45.37387338613812
              ],
              [
                22.32558512125254,
                45.37387338613812
              ],
              [
                22.32558512125254,
                45.35109732320618
              ],
              [
                22.291627175723676,
                45.35109732320618
              ],
              [
                22.291627175723676,
                45.305545197342305
              ],
              [
                22.257669230194807,
                45.305545197342305
              ],
              [
                22.257669230194807,
                45.282769134410366
              ],
              [
                22.223711284665942,
                45.282769134410366
              ],
              [
                22.223711284665942,
                45.237217008546494
              ],
              [
                22.189753339137077,
                45.237217008546494
              ],
              [
                22.189753339137077,
                45.191664882682616
              ],
              [
                22.15579539360821,
                45.191664882682616
              ],
              [
                22.15579539360821,
                45.00945637922712
              ],
              [
                22.189753339137077,
                45.00945637922712
              ],
              [
                22.189753339137077,
                44.98668031629518
              ],
              [
                22.223711284665942,
                44.98668031629518
              ],
              [
                22.223711284665942,
                44.96390425336324
              ],
              [
                22.257669230194807,
                44.96390425336324
              ],
              [
                22.257669230194807,
                44.9411281904313
              ],
              [
                22.359543066781406,
                44.9411281904313
              ],
              [
                22.359543066781406,
                44.91835212749936
              ],
              [
                22.461416903368004,
                44.91835212749936
              ],
              [
                22.461416903368004,
                44.9411281904313
              ],
              [
                22.59724868548347,
                44.9411281904313
              ],
              [
                22.59724868548347,
                44.96390425336324
              ],
              [
                22.6651645765412,
                44.96390425336324
              ],
              [
                22.6651645765412,
                44.98668031629518
              ],
              [
                22.7670384131278,
                44.98668031629518
              ],
              [
                22.7670384131278,
                45.00945637922712
              ],
              [
                22.834954304185533,
                45.00945637922712
              ],
              [
                22.834954304185533,
                45.03223244215905
              ],
              [
                22.936828140772132,
                45.03223244215905
              ],
              [
                22.936828140772132,
                45.05500850509099
              ],
              [
                23.004744031829865,
                45.05500850509099
              ],
              [
                23.004744031829865,
                45.07778456802293
              ],
              [
                23.14057581394533,
                45.07778456802293
              ],
              [
                23.14057581394533,
                45.10056063095487
              ],
              [
                23.242449650531928,
                45.10056063095487
              ],
              [
                23.242449650531928,
                45.123336693886806
              ],
              [
                23.446197323705125,
                45.123336693886806
              ],
              [
                23.446197323705125,
                45.14611275681874
              ],
              [
                23.64994499687832,
                45.14611275681874
              ],
              [
                23.64994499687832,
                45.16888881975068
              ],
              [
                23.955566506638117,
                45.16888881975068
              ],
              [
                23.955566506638117,
                45.191664882682616
              ],
              [
                24.227230070869048,
                45.191664882682616
              ],
              [
                24.227230070869048,
                45.214440945614555
              ],
              [
                24.974304872504103,
                45.214440945614555
              ],
              [
                24.974304872504103,
                45.191664882682616
              ],
              [
                25.0761787090907,
                45.191664882682616
              ],
              [
                25.0761787090907,
                45.16888881975068
              ],
              [
                25.245968436735033,
                45.16888881975068
              ],
              [
                25.245968436735033,
                45.14611275681874
              ],
              [
                25.313884327792763,
                45.14611275681874
              ],
              [
                25.313884327792763,
                45.123336693886806
              ],
              [
                25.51763200096596,
                45.123336693886806
              ],
              [
                25.51763200096596,
                45.10056063095487
              ],
              [
                25.755337619668026,
                45.10056063095487
              ],
              [
                25.755337619668026,
                45.123336693886806
              ],
              [
                25.959085292841223,
                45.123336693886806
              ],
              [
                25.959085292841223,
                45.14611275681874
              ],
              [
                26.027001183898953,
                45.14611275681874
              ],
              [
                26.027001183898953,
                45.16888881975068
              ],
              [
                26.16283296601442,
                45.16888881975068
              ],
              [
                26.16283296601442,
                45.191664882682616
              ],
              [
                26.26470680260102,
                45.191664882682616
              ],
              [
                26.26470680260102,
                45.214440945614555
              ],
              [
                26.400538584716482,
                45.214440945614555
              ],
              [
                26.400538584716482,
                45.237217008546494
              ],
              [
                26.468454475774216,
                45.237217008546494
              ],
              [
                26.468454475774216,
                45.25999307147843
              ],
              [
                26.60428625788968,
                45.25999307147843
              ],
              [
                26.60428625788968,
                45.282769134410366
              ],
              [
                26.672202148947413,
                45.282769134410366
              ],
              [
                26.672202148947413,
                45.305545197342305
              ],
              [
                26.77407598553401,
                45.305545197342305
              ],
              [
                26.77407598553401,
                45.328321260274244
              ],
              [
                26.87594982212061,
                45.328321260274244
              ],
              [
                26.87594982212061,
                45.35109732320618
              ],
              [
                26.97782365870721,
                45.35109732320618
              ],
              [
                26.97782365870721,
                45.37387338613812
              ],
              [
                27.079697495293807,
                45.37387338613812
              ],
              [
                27.079697495293807,
                45.396649449070054
              ],
              [
                27.21552927740927,
                45.396649449070054
              ],
              [
                27.21552927740927,
                45.37387338613812
              ],
              [
                27.249487222938136,
                45.37387338613812
              ],
              [
                27.249487222938136,
                45.35109732320618
              ],
              [
                27.31740311399587,
                45.35109732320618
              ],
              [
                27.31740311399587,
                45.328321260274244
              ],
              [
                27.351361059524734,
                45.328321260274244
              ],
              [
                27.351361059524734,
                45.35109732320618
              ],
              [
                27.385319005053603,
                45.35109732320618
              ],
              [
                27.385319005053603,
                45.37387338613812
              ],
              [
                27.419276950582468,
                45.37387338613812
              ],
              [
                27.419276950582468,
                45.396649449070054
              ],
              [
                27.453234896111333,
                45.396649449070054
              ],
              [
                27.453234896111333,
                45.41942551200199
              ],
              [
                27.521150787169066,
                45.41942551200199
              ],
              [
                27.521150787169066,
                45.44220157493393
              ],
              [
                27.5890666782268,
                45.44220157493393
              ],
              [
                27.5890666782268,
                45.41942551200199
              ],
              [
                27.6909405148134,
                45.41942551200199
              ],
              [
                27.6909405148134,
                45.396649449070054
              ],
              [
                27.75885640587113,
                45.396649449070054
              ],
              [
                27.75885640587113,
                45.37387338613812
              ],
              [
                27.792814351399997,
                45.37387338613812
              ],
              [
                27.792814351399997,
                45.35109732320618
              ],
              [
                28.064477915630924,
                45.35109732320618
              ],
              [
                28.064477915630924,
                45.37387338613812
              ],
              [
                28.132393806688658,
                45.37387338613812
              ],
              [
                28.132393806688658,
                45.396649449070054
              ],
              [
                28.166351752217523,
                45.396649449070054
              ],
              [
                28.166351752217523,
                45.41942551200199
              ],
              [
                28.132393806688658,
                45.41942551200199
              ],
              [
                28.132393806688658,
                45.44220157493393
              ],
              [
                28.098435861159793,
                45.44220157493393
              ],
              [
                28.098435861159793,
                45.46497763786587
              ],
              [
                28.132393806688658,
                45.46497763786587
              ],
              [
                28.132393806688658,
                45.48775370079781
              ],
              [
                28.098435861159793,
                45.48775370079781
              ],
              [
                28.098435861159793,
                45.51052976372975
              ],
              [
                28.064477915630924,
                45.51052976372975
              ],
              [
                28.064477915630924,
                45.55608188959362
              ],
              [
                28.098435861159793,
                45.55608188959362
              ],
              [
                28.098435861159793,
                45.57885795252556
              ],
              [
                28.132393806688658,
                45.57885795252556
              ],
              [
                28.132393806688658,
                45.64718614132137
              ],
              [
                28.098435861159793,
                45.64718614132137
              ],
              [
                28.098435861159793,
                45.66996220425331
              ],
              [
                28.132393806688658,
                45.66996220425331
              ],
              [
                28.132393806688658,
                45.71551433011719
              ],
              [
                28.098435861159793,
                45.71551433011719
              ],
              [
                28.098435861159793,
                45.73829039304913
              ],
              [
                28.064477915630924,
                45.73829039304913
              ],
              [
                28.064477915630924,
                45.80661858184494
              ],
              [
                28.098435861159793,
                45.80661858184494
              ],
              [
                28.098435861159793,
                45.829394644776876
              ],
              [
                28.064477915630924,
                45.829394644776876
              ],
              [
                28.064477915630924,
                45.852170707708815
              ],
              [
                28.09071837785765,
                45.852170707708815
              ],
              [
                28.23355350109904,
                45.48828318946829
              ],
              [
                28.67977949393938,
                45.304030870131704
              ],
              [
                29.149724969201653,
                45.464925442072456
              ],
              [
                29.603289015427436,
                45.293308010431126
              ],
              [
                29.61039985076453,
                45.214440945614555
              ],
              [
                29.592585464429902,
                45.214440945614555
              ],
              [
                29.592585464429902,
                45.16888881975068
              ],
              [
                29.388837791256705,
                45.16888881975068
              ],
              [
                29.388837791256705,
                45.14611275681874
              ],
              [
                29.253006009141245,
                45.14611275681874
              ],
              [
                29.253006009141245,
                45.123336693886806
              ],
              [
                29.151132172554647,
                45.123336693886806
              ],
              [
                29.151132172554647,
                45.10056063095487
              ],
              [
                29.117174227025778,
                45.10056063095487
              ],
              [
                29.117174227025778,
                45.07778456802293
              ],
              [
                29.08321628149691,
                45.07778456802293
              ],
              [
                29.08321628149691,
                45.03223244215905
              ],
              [
                29.049258335968048,
                45.03223244215905
              ],
              [
                29.049258335968048,
                45.00945637922712
              ],
              [
                29.01530039043918,
                45.00945637922712
              ],
              [
                29.01530039043918,
                44.9411281904313
              ],
              [
                29.049258335968048,
                44.9411281904313
              ],
              [
                29.049258335968048,
                44.91835212749936
              ],
              [
                29.01530039043918,
                44.91835212749936
              ],
              [
                29.01530039043918,
                44.85915878832183
              ],
              [
                28.8378577003202,
                44.913873806328056
              ],
              [
                28.8230504276844,
                44.85002393870355
              ],
              [
                28.777594771737114,
                44.85002393870355
              ],
              [
                28.777594771737114,
                44.82724787577161
              ],
              [
                28.743636826208252,
                44.82724787577161
              ],
              [
                28.743636826208252,
                44.78169574990773
              ],
              [
                28.709678880679384,
                44.78169574990773
              ],
              [
                28.709678880679384,
                44.758919686975794
              ],
              [
                28.675720935150515,
                44.758919686975794
              ],
              [
                28.675720935150515,
                44.73614362404386
              ],
              [
                28.641762989621654,
                44.73614362404386
              ],
              [
                28.641762989621654,
                44.71336756111192
              ],
              [
                28.607805044092785,
                44.71336756111192
              ],
              [
                28.607805044092785,
                44.690591498179984
              ],
              [
                28.573847098563917,
                44.690591498179984
              ],
              [
                28.573847098563917,
                44.667815435248045
              ],
              [
                28.539889153035055,
                44.667815435248045
              ],
              [
                28.539889153035055,
                44.645039372316106
              ],
              [
                28.505931207506187,
                44.645039372316106
              ],
              [
                28.505931207506187,
                44.622263309384174
              ],
              [
                28.47197326197732,
                44.622263309384174
              ],
              [
                28.47197326197732,
                44.576711183520295
              ],
              [
                28.438015316448457,
                44.576711183520295
              ],
              [
                28.438015316448457,
                44.553935120588356
              ],
              [
                28.40405737091959,
                44.553935120588356
              ],
              [
                28.40405737091959,
                44.53115905765642
              ],
              [
                28.37009942539072,
                44.53115905765642
              ],
              [
                28.37009942539072,
                44.485606931792546
              ],
              [
                28.33614147986186,
                44.485606931792546
              ],
              [
                28.33614147986186,
                44.44005480592867
              ],
              [
                28.30218353433299,
                44.44005480592867
              ],
              [
                28.30218353433299,
                44.39450268006479
              ],
              [
                28.26822558880412,
                44.39450268006479
              ],
              [
                28.26822558880412,
                44.32617449126898
              ],
              [
                28.23426764327526,
                44.32617449126898
              ],
              [
                28.23426764327526,
                44.2806223654051
              ],
              [
                28.20030969774639,
                44.2806223654051
              ],
              [
                28.20030969774639,
                44.23507023954123
              ],
              [
                28.166351752217523,
                44.23507023954123
              ],
              [
                28.166351752217523,
                44.21229417660929
              ],
              [
                28.132393806688658,
                44.21229417660929
              ],
              [
                28.132393806688658,
                44.18951811367735
              ],
              [
                28.098435861159793,
                44.18951811367735
              ],
              [
                28.098435861159793,
                44.16674205074541
              ],
              [
                28.03051997010206,
                44.16674205074541
              ],
              [
                28.03051997010206,
                44.121189924881534
              ],
              [
                27.996562024573194,
                44.121189924881534
              ],
              [
                27.996562024573194,
                44.052861736085724
              ],
              [
                27.962604079044326,
                44.052861736085724
              ],
              [
                27.962604079044326,
                44.030085673153785
              ],
              [
                27.92864613351546,
                44.030085673153785
              ],
              [
                27.92864613351546,
                44.007309610221846
              ],
              [
                27.894688187986596,
                44.007309610221846
              ],
              [
                27.894688187986596,
                43.984533547289914
              ],
              [
                27.860730242457727,
                43.984533547289914
              ],
              [
                27.860730242457727,
                44.007309610221846
              ],
              [
                27.792814351399997,
                44.007309610221846
              ],
              [
                27.792814351399997,
                43.984533547289914
              ],
              [
                27.724898460342263,
                43.984533547289914
              ],
              [
                27.724898460342263,
                43.961757484357975
              ],
              [
                27.6909405148134,
                43.961757484357975
              ],
              [
                27.6909405148134,
                43.984533547289914
              ],
              [
                27.65698256928453,
                43.984533547289914
              ],
              [
                27.65698256928453,
                44.007309610221846
              ],
              [
                27.623024623755665,
                44.007309610221846
              ],
              [
                27.623024623755665,
                44.030085673153785
              ],
              [
                27.534469871617645,
                44.030085673153785
              ],
              [
                27.242399529740908,
                44.175986029632405
              ],
              [
                26.065158725699746,
                43.94349376075127
              ],
              [
                25.569271681426926,
                43.68844472917472
              ],
              [
                24.100679152124172,
                43.74105133724785
              ],
              [
                23.332302280376325,
                43.897010809904714
              ],
              [
                22.944832391051847,
                43.82378530534713
              ],
              [
                22.65714969248299,
                44.23492300066128
              ],
              [
                22.561272051595452,
                44.32617449126898
              ],
              [
                22.59724868548347,
                44.32617449126898
              ],
              [
                22.59724868548347,
                44.30339842833704
              ],
              [
                22.6651645765412,
                44.30339842833704
              ],
              [
                22.6651645765412,
                44.32617449126898
              ]
            ]
          ],
          [
            [
              [
                21.204972918799957,
                45.71551433011719
              ],
              [
                21.171014973271088,
                45.71551433011719
              ],
              [
                21.171014973271088,
                45.966051022368504
              ],
              [
                21.204972918799957,
                45.966051022368504
              ],
              [
                21.204972918799957,
                46.034379211164314
              ],
              [
                21.23893086432882,
                46.034379211164314
              ],
              [
                21.23893086432882,
                46.05715527409625
              ],
              [
                21.272888809857687,
                46.05715527409625
              ],
              [
                21.272888809857687,
                46.07993133702819
              ],
              [
                21.476636483030884,
                46.07993133702819
              ],
              [
                21.476636483030884,
                46.05715527409625
              ],
              [
                21.510594428559752,
                46.05715527409625
              ],
              [
                21.510594428559752,
                46.034379211164314
              ],
              [
                21.544552374088617,
                46.034379211164314
              ],
              [
                21.544552374088617,
                45.966051022368504
              ],
              [
                21.578510319617482,
                45.966051022368504
              ],
              [
                21.578510319617482,
                45.874946770640754
              ],
              [
                21.61246826514635,
                45.874946770640754
              ],
              [
                21.61246826514635,
                45.761066455981066
              ],
              [
                21.578510319617482,
                45.761066455981066
              ],
              [
                21.578510319617482,
                45.69273826718525
              ],
              [
                21.544552374088617,
                45.69273826718525
              ],
              [
                21.544552374088617,
                45.62441007838944
              ],
              [
                21.510594428559752,
                45.62441007838944
              ],
              [
                21.510594428559752,
                45.6016340154575
              ],
              [
                21.476636483030884,
                45.6016340154575
              ],
              [
                21.476636483030884,
                45.57885795252556
              ],
              [
                21.408720591973154,
                45.57885795252556
              ],
              [
                21.408720591973154,
                45.55608188959362
              ],
              [
                21.272888809857687,
                45.55608188959362
              ],
              [
                21.272888809857687,
                45.57885795252556
              ],
              [
                21.23893086432882,
                45.57885795252556
              ],
              [
                21.23893086432882,
                45.6016340154575
              ],
              [
                21.204972918799957,
                45.6016340154575
              ],
              [
                21.204972918799957,
                45.64718614132137
              ],
              [
                21.23893086432882,
                45.64718614132137
              ],
              [
                21.23893086432882,
                45.69273826718525
              ],
              [
                21.204972918799957,
                45.69273826718525
              ],
              [
                21.204972918799957,
                45.71551433011719
              ]
            ]
          ]
        ]
      }
    },
    {
      "type": "Feature",
      "properties": {
        "zone": "II",
        "design_temperature_c": -15,
        "fill": "#F08A4B"
      },
      "geometry": {
        "type": "MultiPolygon",
        "coordinates": [
          [
            [
              [
                29.592585464429902,
                45.16888881975068
              ],
              [
                29.592585464429902,
                45.214440945614555
              ],
              [
                29.61039985076453,
                45.214440945614555
              ],
              [
                29.62654340995877,
                45.0353909368624
              ],
              [
                29.141611769331835,
                44.820210272799045
              ],
              [
                29.01530039043918,
                44.85915878832183
              ],
              [
                29.01530039043918,
                44.91835212749936
              ],
              [
                29.049258335968048,
                44.91835212749936
              ],
              [
                29.049258335968048,
                44.9411281904313
              ],
              [
                29.01530039043918,
                44.9411281904313
              ],
              [
                29.01530039043918,
                45.00945637922712
              ],
              [
                29.049258335968048,
                45.00945637922712
              ],
              [
                29.049258335968048,
                45.03223244215905
              ],
              [
                29.08321628149691,
                45.03223244215905
              ],
              [
                29.08321628149691,
                45.07778456802293
              ],
              [
                29.117174227025778,
                45.07778456802293
              ],
              [
                29.117174227025778,
                45.10056063095487
              ],
              [
                29.151132172554647,
                45.10056063095487
              ],
              [
                29.151132172554647,
                45.123336693886806
              ],
              [
                29.253006009141245,
                45.123336693886806
              ],
              [
                29.253006009141245,
                45.14611275681874
              ],
              [
                29.388837791256705,
                45.14611275681874
              ],
              [
                29.388837791256705,
                45.16888881975068
              ],
              [
                29.592585464429902,
                45.16888881975068
              ]
            ]
          ],
          [
            [
              [
                27.92864613351546,
                44.007309610221846
              ],
              [
                27.92864613351546,
                44.030085673153785
              ],
              [
                27.962604079044326,
                44.030085673153785
              ],
              [
                27.962604079044326,
                44.052861736085724
              ],
              [
                27.996562024573194,
                44.052861736085724
              ],
              [
                27.996562024573194,
                44.121189924881534
              ],
              [
                28.03051997010206,
                44.121189924881534
              ],
              [
                28.03051997010206,
                44.16674205074541
              ],
              [
                28.098435861159793,
                44.16674205074541
              ],
              [
                28.098435861159793,
                44.18951811367735
              ],
              [
                28.132393806688658,
                44.18951811367735
              ],
              [
                28.132393806688658,
                44.21229417660929
              ],
              [
                28.166351752217523,
                44.21229417660929
              ],
              [
                28.166351752217523,
                44.23507023954123
              ],
              [
                28.20030969774639,
                44.23507023954123
              ],
              [
                28.20030969774639,
                44.2806223654051
              ],
              [
                28.23426764327526,
                44.2806223654051
              ],
              [
                28.23426764327526,
                44.32617449126898
              ],
              [
                28.26822558880412,
                44.32617449126898
              ],
              [
                28.26822558880412,
                44.39450268006479
              ],
              [
                28.30218353433299,
                44.39450268006479
              ],
              [
                28.30218353433299,
                44.44005480592867
              ],
              [
                28.33614147986186,
                44.44005480592867
              ],
              [
                28.33614147986186,
                44.485606931792546
              ],
              [
                28.37009942539072,
                44.485606931792546
              ],
              [
                28.37009942539072,
                44.53115905765642
              ],
              [
                28.40405737091959,
                44.53115905765642
              ],
              [
                28.40405737091959,
                44.553935120588356
              ],
              [
                28.438015316448457,
                44.553935120588356
              ],
              [
                28.438015316448457,
                44.576711183520295
              ],
              [
                28.47197326197732,
                44.576711183520295
              ],
              [
                28.47197326197732,
                44.622263309384174
              ],
              [
                28.505931207506187,
                44.622263309384174
              ],
              [
                28.505931207506187,
                44.645039372316106
              ],
              [
                28.539889153035055,
                44.645039372316106
              ],
              [
                28.539889153035055,
                44.667815435248045
              ],
              [
                28.573847098563917,
                44.667815435248045
              ],
              [
                28.573847098563917,
                44.690591498179984
              ],
              [
                28.607805044092785,
                44.690591498179984
              ],
              [
                28.607805044092785,
                44.71336756111192
              ],
              [
                28.641762989621654,
                44.71336756111192
              ],
              [
                28.641762989621654,
                44.73614362404386
              ],
              [
                28.675720935150515,
                44.73614362404386
              ],
              [
                28.675720935150515,
                44.758919686975794
              ],
              [
                28.709678880679384,
                44.758919686975794
              ],
              [
                28.709678880679384,
                44.78169574990773
              ],
              [
                28.743636826208252,
                44.78169574990773
              ],
              [
                28.743636826208252,
                44.82724787577161
              ],
              [
                28.777594771737114,
                44.82724787577161
              ],
              [
                28.777594771737114,
                44.85002393870355
              ],
              [
                28.8230504276844,
                44.85002393870355
              ],
              [
                28.558081495891997,
                43.70746165625813
              ],
              [
                27.970107049275075,
                43.81246816667522
              ],
              [
                27.534469871617645,
                44.030085673153785
              ],
              [
                27.623024623755665,
                44.030085673153785
              ],
              [
                27.623024623755665,
                44.007309610221846
              ],
              [
                27.65698256928453,
                44.007309610221846
              ],
              [
                27.65698256928453,
                43.984533547289914
              ],
              [
                27.6909405148134,
                43.984533547289914
              ],
              [
                27.6909405148134,
                43.961757484357975
              ],
              [
                27.724898460342263,
                43.961757484357975
              ],
              [
                27.724898460342263,
                43.984533547289914
              ],
              [
                27.792814351399997,
                43.984533547289914
              ],
              [
                27.792814351399997,
                44.007309610221846
              ],
              [
                27.860730242457727,
                44.007309610221846
              ],
              [
                27.860730242457727,
                43.984533547289914
              ],
              [
                27.894688187986596,
                43.984533547289914
              ],
              [
                27.894688187986596,
                44.007309610221846
              ],
              [
                27.92864613351546,
                44.007309610221846
              ]
            ]
          ],
          [
            [
              [
                21.56202273935361,
                44.7689472519655
              ],
              [
                21.48352623870221,
                45.18117015235788
              ],
              [
                20.874312778413355,
                45.416375433934235
              ],
              [
                20.762174920339987,
                45.734573065771485
              ],
              [
                20.28576856114748,
                46.07993133702819
              ],
              [
                20.423940171636033,
                46.07993133702819
              ],
              [
                20.423940171636033,
                46.10270739996013
              ],
              [
                20.4578981171649,
                46.10270739996013
              ],
              [
                20.4578981171649,
                46.07993133702819
              ],
              [
                20.525814008222632,
                46.07993133702819
              ],
              [
                20.525814008222632,
                46.05715527409625
              ],
              [
                20.593729899280365,
                46.05715527409625
              ],
              [
                20.593729899280365,
                46.07993133702819
              ],
              [
                20.62768784480923,
                46.07993133702819
              ],
              [
                20.62768784480923,
                46.10270739996013
              ],
              [
                20.661645790338095,
                46.10270739996013
              ],
              [
                20.661645790338095,
                46.12548346289207
              ],
              [
                20.695603735866964,
                46.12548346289207
              ],
              [
                20.695603735866964,
                46.17103558875594
              ],
              [
                20.72956168139583,
                46.17103558875594
              ],
              [
                20.72956168139583,
                46.19381165168788
              ],
              [
                20.89935140904016,
                46.19381165168788
              ],
              [
                20.89935140904016,
                46.17103558875594
              ],
              [
                21.035183191155625,
                46.17103558875594
              ],
              [
                21.035183191155625,
                46.19381165168788
              ],
              [
                21.06914113668449,
                46.19381165168788
              ],
              [
                21.06914113668449,
                46.21658771461982
              ],
              [
                21.103099082213358,
                46.21658771461982
              ],
              [
                21.103099082213358,
                46.23936377755176
              ],
              [
                21.137057027742223,
                46.23936377755176
              ],
              [
                21.137057027742223,
                46.33046802927951
              ],
              [
                21.171014973271088,
                46.33046802927951
              ],
              [
                21.171014973271088,
                46.35324409221145
              ],
              [
                21.272888809857687,
                46.35324409221145
              ],
              [
                21.272888809857687,
                46.33046802927951
              ],
              [
                21.306846755386555,
                46.33046802927951
              ],
              [
                21.306846755386555,
                46.30769196634757
              ],
              [
                21.34080470091542,
                46.30769196634757
              ],
              [
                21.34080470091542,
                46.28491590341563
              ],
              [
                21.374762646444285,
                46.28491590341563
              ],
              [
                21.374762646444285,
                46.2621398404837
              ],
              [
                21.44267853750202,
                46.2621398404837
              ],
              [
                21.44267853750202,
                46.23936377755176
              ],
              [
                21.476636483030884,
                46.23936377755176
              ],
              [
                21.476636483030884,
                46.21658771461982
              ],
              [
                21.510594428559752,
                46.21658771461982
              ],
              [
                21.510594428559752,
                46.19381165168788
              ],
              [
                21.544552374088617,
                46.19381165168788
              ],
              [
                21.544552374088617,
                46.17103558875594
              ],
              [
                21.578510319617482,
                46.17103558875594
              ],
              [
                21.578510319617482,
                46.148259525824
              ],
              [
                21.646426210675216,
                46.148259525824
              ],
              [
                21.646426210675216,
                46.12548346289207
              ],
              [
                21.68038415620408,
                46.12548346289207
              ],
              [
                21.68038415620408,
                46.10270739996013
              ],
              [
                21.71434210173295,
                46.10270739996013
              ],
              [
                21.71434210173295,
                46.07993133702819
              ],
              [
                21.748300047261814,
                46.07993133702819
              ],
              [
                21.748300047261814,
                46.05715527409625
              ],
              [
                21.78225799279068,
                46.05715527409625
              ],
              [
                21.78225799279068,
                46.034379211164314
              ],
              [
                21.816215938319548,
                46.034379211164314
              ],
              [
                21.816215938319548,
                46.01160314823238
              ],
              [
                21.850173883848413,
                46.01160314823238
              ],
              [
                21.850173883848413,
                45.98882708530044
              ],
              [
                21.884131829377278,
                45.98882708530044
              ],
              [
                21.884131829377278,
                45.966051022368504
              ],
              [
                21.918089774906147,
                45.966051022368504
              ],
              [
                21.918089774906147,
                45.920498896504625
              ],
              [
                21.95204772043501,
                45.920498896504625
              ],
              [
                21.95204772043501,
                45.852170707708815
              ],
              [
                21.98600566596388,
                45.852170707708815
              ],
              [
                21.98600566596388,
                45.48775370079781
              ],
              [
                21.95204772043501,
                45.48775370079781
              ],
              [
                21.95204772043501,
                45.328321260274244
              ],
              [
                21.918089774906147,
                45.328321260274244
              ],
              [
                21.918089774906147,
                45.14611275681874
              ],
              [
                21.95204772043501,
                45.14611275681874
              ],
              [
                21.95204772043501,
                45.123336693886806
              ],
              [
                21.98600566596388,
                45.123336693886806
              ],
              [
                21.98600566596388,
                45.10056063095487
              ],
              [
                22.019963611492745,
                45.10056063095487
              ],
              [
                22.019963611492745,
                45.07778456802293
              ],
              [
                21.98600566596388,
                45.07778456802293
              ],
              [
                21.98600566596388,
                45.03223244215905
              ],
              [
                22.019963611492745,
                45.03223244215905
              ],
              [
                22.019963611492745,
                45.00945637922712
              ],
              [
                22.05392155702161,
                45.00945637922712
              ],
              [
                22.05392155702161,
                44.91835212749936
              ],
              [
                22.08787950255048,
                44.91835212749936
              ],
              [
                22.08787950255048,
                44.89557606456742
              ],
              [
                22.15579539360821,
                44.89557606456742
              ],
              [
                22.15579539360821,
                44.87280000163549
              ],
              [
                22.189753339137077,
                44.87280000163549
              ],
              [
                22.189753339137077,
                44.85002393870355
              ],
              [
                22.257669230194807,
                44.85002393870355
              ],
              [
                22.257669230194807,
                44.82724787577161
              ],
              [
                22.32558512125254,
                44.82724787577161
              ],
              [
                22.32558512125254,
                44.80447181283967
              ],
              [
                22.393501012310274,
                44.80447181283967
              ],
              [
                22.393501012310274,
                44.78169574990773
              ],
              [
                22.461416903368004,
                44.78169574990773
              ],
              [
                22.461416903368004,
                44.758919686975794
              ],
              [
                22.529332794425738,
                44.758919686975794
              ],
              [
                22.529332794425738,
                44.73614362404386
              ],
              [
                22.59724868548347,
                44.73614362404386
              ],
              [
                22.59724868548347,
                44.71336756111192
              ],
              [
                22.6651645765412,
                44.71336756111192
              ],
              [
                22.6651645765412,
                44.690591498179984
              ],
              [
                22.733080467598935,
                44.690591498179984
              ],
              [
                22.733080467598935,
                44.667815435248045
              ],
              [
                22.7670384131278,
                44.667815435248045
              ],
              [
                22.7670384131278,
                44.645039372316106
              ],
              [
                22.80099635865667,
                44.645039372316106
              ],
              [
                22.80099635865667,
                44.622263309384174
              ],
              [
                22.834954304185533,
                44.622263309384174
              ],
              [
                22.834954304185533,
                44.53115905765642
              ],
              [
                22.8689122497144,
                44.53115905765642
              ],
              [
                22.8689122497144,
                44.485606931792546
              ],
              [
                22.902870195243267,
                44.485606931792546
              ],
              [
                22.902870195243267,
                44.46283086886061
              ],
              [
                22.8689122497144,
                44.46283086886061
              ],
              [
                22.8689122497144,
                44.44005480592867
              ],
              [
                22.80099635865667,
                44.44005480592867
              ],
              [
                22.80099635865667,
                44.41727874299673
              ],
              [
                22.7670384131278,
                44.41727874299673
              ],
              [
                22.7670384131278,
                44.37172661713286
              ],
              [
                22.733080467598935,
                44.37172661713286
              ],
              [
                22.733080467598935,
                44.34895055420092
              ],
              [
                22.69912252207007,
                44.34895055420092
              ],
              [
                22.69912252207007,
                44.32617449126898
              ],
              [
                22.6651645765412,
                44.32617449126898
              ],
              [
                22.6651645765412,
                44.30339842833704
              ],
              [
                22.59724868548347,
                44.30339842833704
              ],
              [
                22.59724868548347,
                44.32617449126898
              ],
              [
                22.561272051595452,
                44.32617449126898
              ],
              [
                22.4740084164406,
                44.40922760678177
              ],
              [
                22.705725538837356,
                44.57800283464702
              ],
              [
                22.459022251075936,
                44.7025171982543
              ],
              [
                22.14508792490281,
                44.47842234962059
              ],
              [
                21.56202273935361,
                44.7689472519655
              ]
            ],
            [
              [
                21.578510319617482,
                45.69273826718525
              ],
              [
                21.578510319617482,
                45.761066455981066
              ],
              [
                21.61246826514635,
                45.761066455981066
              ],
              [
                21.61246826514635,
                45.874946770640754
              ],
              [
                21.578510319617482,
                45.874946770640754
              ],
              [
                21.578510319617482,
                45.966051022368504
              ],
              [
                21.544552374088617,
                45.966051022368504
              ],
              [
                21.544552374088617,
                46.034379211164314
              ],
              [
                21.510594428559752,
                46.034379211164314
              ],
              [
                21.510594428559752,
                46.05715527409625
              ],
              [
                21.476636483030884,
                46.05715527409625
              ],
              [
                21.476636483030884,
                46.07993133702819
              ],
              [
                21.272888809857687,
                46.07993133702819
              ],
              [
                21.272888809857687,
                46.05715527409625
              ],
              [
                21.23893086432882,
                46.05715527409625
              ],
              [
                21.23893086432882,
                46.034379211164314
              ],
              [
                21.204972918799957,
                46.034379211164314
              ],
              [
                21.204972918799957,
                45.966051022368504
              ],
              [
                21.171014973271088,
                45.966051022368504
              ],
              [
                21.171014973271088,
                45.71551433011719
              ],
              [
                21.204972918799957,
                45.71551433011719
              ],
              [
                21.204972918799957,
                45.69273826718525
              ],
              [
                21.23893086432882,
                45.69273826718525
              ],
              [
                21.23893086432882,
                45.64718614132137
              ],
              [
                21.204972918799957,
                45.64718614132137
              ],
              [
                21.204972918799957,
                45.6016340154575
              ],
              [
                21.23893086432882,
                45.6016340154575
              ],
              [
                21.23893086432882,
                45.57885795252556
              ],
              [
                21.272888809857687,
                45.57885795252556
              ],
              [
                21.272888809857687,
                45.55608188959362
              ],
              [
                21.408720591973154,
                45.55608188959362
              ],
              [
                21.408720591973154,
                45.57885795252556
              ],
              [
                21.476636483030884,
                45.57885795252556
              ],
              [
                21.476636483030884,
                45.6016340154575
              ],
              [
                21.510594428559752,
                45.6016340154575
              ],
              [
                21.510594428559752,
                45.62441007838944
              ],
              [
                21.544552374088617,
                45.62441007838944
              ],
              [
                21.544552374088617,
                45.69273826718525
              ],
              [
                21.578510319617482,
                45.69273826718525
              ]
            ]
          ]
        ]
      }
    },
    {
      "type": "Feature",
      "properties": {
        "zone": "III",
        "design_temperature_c": -18,
        "fill": "#7DBE72"
      },
      "geometry": {
        "type": "Polygon",
        "coordinates": [
          [
            [
              28.064477915630924,
              45.874946770640754
            ],
            [
              28.064477915630924,
              45.73829039304913
            ],
            [
              28.098435861159793,
              45.73829039304913
            ],
            [
              28.098435861159793,
              45.55608188959362
            ],
            [
              28.064477915630924,
              45.55608188959362
            ],
            [
              28.064477915630924,
              45.51052976372975
            ],
            [
              28.098435861159793,
              45.51052976372975
            ],
            [
              28.098435861159793,
              45.44220157493393
            ],
            [
              28.132393806688658,
              45.44220157493393
            ],
            [
              28.132393806688658,
              45.41942551200199
            ],
            [
              28.166351752217523,
              45.41942551200199
            ],
            [
              28.166351752217523,
              45.396649449070054
            ],
            [
              28.132393806688658,
              45.396649449070054
            ],
            [
              28.132393806688658,
              45.37387338613812
            ],
            [
              28.064477915630924,
              45.37387338613812
            ],
            [
              28.064477915630924,
              45.35109732320618
            ],
            [
              27.792814351399997,
              45.35109732320618
            ],
            [
              27.792814351399997,
              45.37387338613812
            ],
            [
              27.75885640587113,
              45.37387338613812
            ],
            [
              27.75885640587113,
              45.396649449070054
            ],
            [
              27.6909405148134,
              45.396649449070054
            ],
            [
              27.6909405148134,
              45.41942551200199
            ],
            [
              27.5890666782268,
              45.41942551200199
            ],
            [
              27.5890666782268,
              45.44220157493393
            ],
            [
              27.521150787169066,
              45.44220157493393
            ],
            [
              27.521150787169066,
              45.41942551200199
            ],
            [
              27.453234896111333,
              45.41942551200199
            ],
            [
              27.453234896111333,
              45.396649449070054
            ],
            [
              27.419276950582468,
              45.396649449070054
            ],
            [
              27.419276950582468,
              45.37387338613812
            ],
            [
              27.385319005053603,
              45.37387338613812
            ],
            [
              27.385319005053603,
              45.35109732320618
            ],
            [
              27.351361059524734,
              45.35109732320618
            ],
            [
              27.351361059524734,
              45.328321260274244
            ],
            [
              27.31740311399587,
              45.328321260274244
            ],
            [
              27.31740311399587,
              45.35109732320618
            ],
            [
              27.249487222938136,
              45.35109732320618
            ],
            [
              27.249487222938136,
              45.37387338613812
            ],
            [
              27.21552927740927,
              45.37387338613812
            ],
            [
              27.21552927740927,
              45.396649449070054
            ],
            [
              27.079697495293807,
              45.396649449070054
            ],
            [
              27.079697495293807,
              45.37387338613812
            ],
            [
              26.97782365870721,
              45.37387338613812
            ],
            [
              26.97782365870721,
              45.35109732320618
            ],
            [
              26.87594982212061,
              45.35109732320618
            ],
            [
              26.87594982212061,
              45.328321260274244
            ],
            [
              26.77407598553401,
              45.328321260274244
            ],
            [
              26.77407598553401,
              45.305545197342305
            ],
            [
              26.672202148947413,
              45.305545197342305
            ],
            [
              26.672202148947413,
              45.282769134410366
            ],
            [
              26.60428625788968,
              45.282769134410366
            ],
            [
              26.60428625788968,
              45.25999307147843
            ],
            [
              26.468454475774216,
              45.25999307147843
            ],
            [
              26.468454475774216,
              45.237217008546494
            ],
            [
              26.400538584716482,
              45.237217008546494
            ],
            [
              26.400538584716482,
              45.214440945614555
            ],
            [
              26.26470680260102,
              45.214440945614555
            ],
            [
              26.26470680260102,
              45.191664882682616
            ],
            [
              26.16283296601442,
              45.191664882682616
            ],
            [
              26.16283296601442,
              45.16888881975068
            ],
            [
              26.027001183898953,
              45.16888881975068
            ],
            [
              26.027001183898953,
              45.14611275681874
            ],
            [
              25.959085292841223,
              45.14611275681874
            ],
            [
              25.959085292841223,
              45.123336693886806
            ],
            [
              25.755337619668026,
              45.123336693886806
            ],
            [
              25.755337619668026,
              45.10056063095487
            ],
            [
              25.51763200096596,
              45.10056063095487
            ],
            [
              25.51763200096596,
              45.123336693886806
            ],
            [
              25.313884327792763,
              45.123336693886806
            ],
            [
              25.313884327792763,
              45.14611275681874
            ],
            [
              25.245968436735033,
              45.14611275681874
            ],
            [
              25.245968436735033,
              45.16888881975068
            ],
            [
              25.0761787090907,
              45.16888881975068
            ],
            [
              25.0761787090907,
              45.191664882682616
            ],
            [
              24.974304872504103,
              45.191664882682616
            ],
            [
              24.974304872504103,
              45.214440945614555
            ],
            [
              24.227230070869048,
              45.214440945614555
            ],
            [
              24.227230070869048,
              45.191664882682616
            ],
            [
              23.955566506638117,
              45.191664882682616
            ],
            [
              23.955566506638117,
              45.16888881975068
            ],
            [
              23.64994499687832,
              45.16888881975068
            ],
            [
              23.64994499687832,
              45.14611275681874
            ],
            [
              23.446197323705125,
              45.14611275681874
            ],
            [
              23.446197323705125,
              45.123336693886806
            ],
            [
              23.242449650531928,
              45.123336693886806
            ],
            [
              23.242449650531928,
              45.10056063095487
            ],
            [
              23.14057581394533,
              45.10056063095487
            ],
            [
              23.14057581394533,
              45.07778456802293
            ],
            [
              23.004744031829865,
              45.07778456802293
            ],
            [
              23.004744031829865,
              45.05500850509099
            ],
            [
              22.936828140772132,
              45.05500850509099
            ],
            [
              22.936828140772132,
              45.03223244215905
            ],
            [
              22.834954304185533,
              45.03223244215905
            ],
            [
              22.834954304185533,
              45.00945637922712
            ],
            [
              22.7670384131278,
              45.00945637922712
            ],
            [
              22.7670384131278,
              44.98668031629518
            ],
            [
              22.6651645765412,
              44.98668031629518
            ],
            [
              22.6651645765412,
              44.96390425336324
            ],
            [
              22.59724868548347,
              44.96390425336324
            ],
            [
              22.59724868548347,
              44.9411281904313
            ],
            [
              22.461416903368004,
              44.9411281904313
            ],
            [
              22.461416903368004,
              44.91835212749936
            ],
            [
              22.359543066781406,
              44.91835212749936
            ],
            [
              22.359543066781406,
              44.9411281904313
            ],
            [
              22.257669230194807,
              44.9411281904313
            ],
            [
              22.257669230194807,
              44.96390425336324
            ],
            [
              22.223711284665942,
              44.96390425336324
            ],
            [
              22.223711284665942,
              44.98668031629518
            ],
            [
              22.189753339137077,
              44.98668031629518
            ],
            [
              22.189753339137077,
              45.00945637922712
            ],
            [
              22.15579539360821,
              45.00945637922712
            ],
            [
              22.15579539360821,
              45.191664882682616
            ],
            [
              22.189753339137077,
              45.191664882682616
            ],
            [
              22.189753339137077,
              45.237217008546494
            ],
            [
              22.223711284665942,
              45.237217008546494
            ],
            [
              22.223711284665942,
              45.282769134410366
            ],
            [
              22.257669230194807,
              45.282769134410366
            ],
            [
              22.257669230194807,
              45.305545197342305
            ],
            [
              22.291627175723676,
              45.305545197342305
            ],
            [
              22.291627175723676,
              45.35109732320618
            ],
            [
              22.32558512125254,
              45.35109732320618
            ],
            [
              22.32558512125254,
              45.37387338613812
            ],
            [
              22.359543066781406,
              45.37387338613812
            ],
            [
              22.359543066781406,
              45.396649449070054
            ],
            [
              22.393501012310274,
              45.396649449070054
            ],
            [
              22.393501012310274,
              45.41942551200199
            ],
            [
              22.42745895783914,
              45.41942551200199
            ],
            [
              22.42745895783914,
              45.44220157493393
            ],
            [
              22.461416903368004,
              45.44220157493393
            ],
            [
              22.461416903368004,
              45.46497763786587
            ],
            [
              22.495374848896873,
              45.46497763786587
            ],
            [
              22.495374848896873,
              45.48775370079781
            ],
            [
              22.529332794425738,
              45.48775370079781
            ],
            [
              22.529332794425738,
              45.51052976372975
            ],
            [
              22.495374848896873,
              45.51052976372975
            ],
            [
              22.495374848896873,
              45.53330582666168
            ],
            [
              22.461416903368004,
              45.53330582666168
            ],
            [
              22.461416903368004,
              45.55608188959362
            ],
            [
              22.42745895783914,
              45.55608188959362
            ],
            [
              22.42745895783914,
              45.66996220425331
            ],
            [
              22.461416903368004,
              45.66996220425331
            ],
            [
              22.461416903368004,
              45.73829039304913
            ],
            [
              22.42745895783914,
              45.73829039304913
            ],
            [
              22.42745895783914,
              45.783842518913
            ],
            [
              22.393501012310274,
              45.783842518913
            ],
            [
              22.393501012310274,
              45.80661858184494
            ],
            [
              22.359543066781406,
              45.80661858184494
            ],
            [
              22.359543066781406,
              45.943274959436565
            ],
            [
              22.393501012310274,
              45.943274959436565
            ],
            [
              22.393501012310274,
              46.10270739996013
            ],
            [
              22.359543066781406,
              46.10270739996013
            ],
            [
              22.359543066781406,
              46.12548346289207
            ],
            [
              22.32558512125254,
              46.12548346289207
            ],
            [
              22.32558512125254,
              46.148259525824
            ],
            [
              22.291627175723676,
              46.148259525824
            ],
            [
              22.291627175723676,
              46.17103558875594
            ],
            [
              22.223711284665942,
              46.17103558875594
            ],
            [
              22.223711284665942,
              46.19381165168788
            ],
            [
              22.189753339137077,
              46.19381165168788
            ],
            [
              22.189753339137077,
              46.21658771461982
            ],
            [
              22.15579539360821,
              46.21658771461982
            ],
            [
              22.15579539360821,
              46.23936377755176
            ],
            [
              22.121837448079344,
              46.23936377755176
            ],
            [
              22.121837448079344,
              46.2621398404837
            ],
            [
              22.08787950255048,
              46.2621398404837
            ],
            [
              22.08787950255048,
              46.28491590341563
            ],
            [
              22.05392155702161,
              46.28491590341563
            ],
            [
              22.05392155702161,
              46.30769196634757
            ],
            [
              22.019963611492745,
              46.30769196634757
            ],
            [
              22.019963611492745,
              46.37602015514339
            ],
            [
              21.98600566596388,
              46.37602015514339
            ],
            [
              21.98600566596388,
              46.42157228100726
            ],
            [
              21.95204772043501,
              46.42157228100726
            ],
            [
              21.95204772043501,
              46.512676532735014
            ],
            [
              21.98600566596388,
              46.512676532735014
            ],
            [
              21.98600566596388,
              46.558228658598885
            ],
            [
              22.019963611492745,
              46.558228658598885
            ],
            [
              22.019963611492745,
              46.603780784462764
            ],
            [
              22.05392155702161,
              46.603780784462764
            ],
            [
              22.05392155702161,
              46.6265568473947
            ],
            [
              22.08787950255048,
              46.6265568473947
            ],
            [
              22.08787950255048,
              46.649332910326635
            ],
            [
              22.121837448079344,
              46.649332910326635
            ],
            [
              22.121837448079344,
              46.672108973258574
            ],
            [
              22.15579539360821,
              46.672108973258574
            ],
            [
              22.15579539360821,
              46.76321322498633
            ],
            [
              22.189753339137077,
              46.76321322498633
            ],
            [
              22.189753339137077,
              46.8087653508502
            ],
            [
              22.223711284665942,
              46.8087653508502
            ],
            [
              22.223711284665942,
              46.89986960257795
            ],
            [
              22.189753339137077,
              46.89986960257795
            ],
            [
              22.189753339137077,
              46.99097385430571
            ],
            [
              22.15579539360821,
              46.99097385430571
            ],
            [
              22.15579539360821,
              47.05930204310152
            ],
            [
              22.121837448079344,
              47.05930204310152
            ],
            [
              22.121837448079344,
              47.127630231897335
            ],
            [
              22.08787950255048,
              47.127630231897335
            ],
            [
              22.08787950255048,
              47.173182357761206
            ],
            [
              22.05392155702161,
              47.173182357761206
            ],
            [
              22.05392155702161,
              47.218734483625084
            ],
            [
              22.019963611492745,
              47.218734483625084
            ],
            [
              22.019963611492745,
              47.26428660948896
            ],
            [
              21.98600566596388,
              47.26428660948896
            ],
            [
              21.98600566596388,
              47.287062672420895
            ],
            [
              21.95204772043501,
              47.287062672420895
            ],
            [
              21.95204772043501,
              47.44649511294446
            ],
            [
              21.98600566596388,
              47.44649511294446
            ],
            [
              21.98600566596388,
              47.4692711758764
            ],
            [
              22.019963611492745,
              47.4692711758764
            ],
            [
              22.019963611492745,
              47.49204723880834
            ],
            [
              22.05392155702161,
              47.49204723880834
            ],
            [
              22.05392155702161,
              47.51482330174028
            ],
            [
              22.08787950255048,
              47.51482330174028
            ],
            [
              22.08787950255048,
              47.53759936467221
            ],
            [
              22.121837448079344,
              47.53759936467221
            ],
            [
              22.121837448079344,
              47.56037542760415
            ],
            [
              22.15579539360821,
              47.56037542760415
            ],
            [
              22.15579539360821,
              47.60592755346803
            ],
            [
              22.189753339137077,
              47.60592755346803
            ],
            [
              22.189753339137077,
              47.62870361639997
            ],
            [
              22.223711284665942,
              47.62870361639997
            ],
            [
              22.223711284665942,
              47.67425574226384
            ],
            [
              22.32558512125254,
              47.67425574226384
            ],
            [
              22.32558512125254,
              47.69703180519578
            ],
            [
              22.359543066781406,
              47.69703180519578
            ],
            [
              22.359543066781406,
              47.71980786812772
            ],
            [
              22.461416903368004,
              47.71980786812772
            ],
            [
              22.461416903368004,
              47.69703180519578
            ],
            [
              22.563290739954603,
              47.69703180519578
            ],
            [
              22.563290739954603,
              47.71980786812772
            ],
            [
              22.631206631012336,
              47.71980786812772
            ],
            [
              22.631206631012336,
              47.742583931059656
            ],
            [
              22.6651645765412,
              47.742583931059656
            ],
            [
              22.6651645765412,
              47.765359993991595
            ],
            [
              22.69912252207007,
              47.765359993991595
            ],
            [
              22.69912252207007,
              47.78813605692353
            ],
            [
              22.733080467598935,
              47.78813605692353
            ],
            [
              22.733080467598935,
              47.810912119855466
            ],
            [
              22.7670384131278,
              47.810912119855466
            ],
            [
              22.7670384131278,
              47.856464245719344
            ],
            [
              22.80099635865667,
              47.856464245719344
            ],
            [
              22.80099635865667,
              47.87924030865128
            ],
            [
              22.834954304185533,
              47.87924030865128
            ],
            [
              22.834954304185533,
              47.90201637158322
            ],
            [
              22.8689122497144,
              47.90201637158322
            ],
            [
              22.8689122497144,
              47.924792434515155
            ],
            [
              22.902870195243267,
              47.924792434515155
            ],
            [
              22.902870195243267,
              47.947568497447094
            ],
            [
              22.936828140772132,
              47.947568497447094
            ],
            [
              22.936828140772132,
              47.924792434515155
            ],
            [
              22.970786086300997,
              47.924792434515155
            ],
            [
              22.970786086300997,
              47.947568497447094
            ],
            [
              23.004744031829865,
              47.947568497447094
            ],
            [
              23.004744031829865,
              47.97034456037903
            ],
            [
              23.03870197735873,
              47.97034456037903
            ],
            [
              23.03870197735873,
              47.99312062331097
            ],
            [
              23.072659922887595,
              47.99312062331097
            ],
            [
              23.072659922887595,
              48.03867274917484
            ],
            [
              23.174533759474194,
              48.03867274917484
            ],
            [
              23.174533759474194,
              48.01589668624291
            ],
            [
              23.208491705003063,
              48.01589668624291
            ],
            [
              23.208491705003063,
              47.99312062331097
            ],
            [
              23.242449650531928,
              47.99312062331097
            ],
            [
              23.242449650531928,
              47.97034456037903
            ],
            [
              23.276407596060793,
              47.97034456037903
            ],
            [
              23.276407596060793,
              47.947568497447094
            ],
            [
              23.344323487118526,
              47.947568497447094
            ],
            [
              23.344323487118526,
              47.924792434515155
            ],
            [
              23.48015526923399,
              47.924792434515155
            ],
            [
              23.48015526923399,
              47.947568497447094
            ],
            [
              23.615987051349457,
              47.947568497447094
            ],
            [
              23.615987051349457,
              47.924792434515155
            ],
            [
              23.785776778993785,
              47.924792434515155
            ],
            [
              23.785776778993785,
              47.90201637158322
            ],
            [
              23.819734724522654,
              47.90201637158322
            ],
            [
              23.819734724522654,
              47.87924030865128
            ],
            [
              23.921608561109252,
              47.87924030865128
            ],
            [
              23.921608561109252,
              47.742583931059656
            ],
            [
              23.887650615580384,
              47.742583931059656
            ],
            [
              23.887650615580384,
              47.51482330174028
            ],
            [
              23.85369267005152,
              47.51482330174028
            ],
            [
              23.85369267005152,
              47.42371905001252
            ],
            [
              23.887650615580384,
              47.42371905001252
            ],
            [
              23.887650615580384,
              47.35539086121671
            ],
            [
              23.921608561109252,
              47.35539086121671
            ],
            [
              23.921608561109252,
              47.33261479828477
            ],
            [
              23.955566506638117,
              47.33261479828477
            ],
            [
              23.955566506638117,
              47.287062672420895
            ],
            [
              23.989524452166982,
              47.287062672420895
            ],
            [
              23.989524452166982,
              47.24151054655702
            ],
            [
              24.02348239769585,
              47.24151054655702
            ],
            [
              24.02348239769585,
              47.218734483625084
            ],
            [
              24.057440343224716,
              47.218734483625084
            ],
            [
              24.057440343224716,
              46.99097385430571
            ],
            [
              24.09139828875358,
              46.99097385430571
            ],
            [
              24.09139828875358,
              46.89986960257795
            ],
            [
              24.12535623428245,
              46.89986960257795
            ],
            [
              24.12535623428245,
              46.85431747671408
            ],
            [
              24.159314179811314,
              46.85431747671408
            ],
            [
              24.159314179811314,
              46.83154141378214
            ],
            [
              24.19327212534018,
              46.83154141378214
            ],
            [
              24.19327212534018,
              46.8087653508502
            ],
            [
              24.227230070869048,
              46.8087653508502
            ],
            [
              24.227230070869048,
              46.78598928791826
            ],
            [
              24.261188016397913,
              46.78598928791826
            ],
            [
              24.261188016397913,
              46.76321322498633
            ],
            [
              24.295145961926778,
              46.76321322498633
            ],
            [
              24.295145961926778,
              46.71766109912245
            ],
            [
              24.329103907455647,
              46.71766109912245
            ],
            [
              24.329103907455647,
              46.649332910326635
            ],
            [
              24.36306185298451,
              46.649332910326635
            ],
            [
              24.36306185298451,
              46.581004721530824
            ],
            [
              24.397019798513377,
              46.581004721530824
            ],
            [
              24.397019798513377,
              46.535452595666946
            ],
            [
              24.430977744042245,
              46.535452595666946
            ],
            [
              24.430977744042245,
              46.512676532735014
            ],
            [
              24.46493568957111,
              46.512676532735014
            ],
            [
              24.46493568957111,
              46.489900469803075
            ],
            [
              24.498893635099975,
              46.489900469803075
            ],
            [
              24.498893635099975,
              46.42157228100726
            ],
            [
              24.532851580628844,
              46.42157228100726
            ],
            [
              24.532851580628844,
              46.39879621807532
            ],
            [
              24.56680952615771,
              46.39879621807532
            ],
            [
              24.56680952615771,
              46.37602015514339
            ],
            [
              24.600767471686574,
              46.37602015514339
            ],
            [
              24.600767471686574,
              46.35324409221145
            ],
            [
              24.634725417215442,
              46.35324409221145
            ],
            [
              24.634725417215442,
              46.33046802927951
            ],
            [
              24.702641308273172,
              46.33046802927951
            ],
            [
              24.702641308273172,
              46.30769196634757
            ],
            [
              24.80451514485977,
              46.30769196634757
            ],
            [
              24.80451514485977,
              46.28491590341563
            ],
            [
              24.90638898144637,
              46.28491590341563
            ],
            [
              24.90638898144637,
              46.2621398404837
            ],
            [
              25.008262818032968,
              46.2621398404837
            ],
            [
              25.008262818032968,
              46.23936377755176
            ],
            [
              25.0761787090907,
              46.23936377755176
            ],
            [
              25.0761787090907,
              46.21658771461982
            ],
            [
              25.144094600148435,
              46.21658771461982
            ],
            [
              25.144094600148435,
              46.19381165168788
            ],
            [
              25.1780525456773,
              46.19381165168788
            ],
            [
              25.1780525456773,
              46.01160314823238
            ],
            [
              25.144094600148435,
              46.01160314823238
            ],
            [
              25.144094600148435,
              45.966051022368504
            ],
            [
              25.110136654619566,
              45.966051022368504
            ],
            [
              25.110136654619566,
              45.943274959436565
            ],
            [
              25.0761787090907,
              45.943274959436565
            ],
            [
              25.0761787090907,
              45.897722833572686
            ],
            [
              25.042220763561836,
              45.897722833572686
            ],
            [
              25.042220763561836,
              45.874946770640754
            ],
            [
              25.008262818032968,
              45.874946770640754
            ],
            [
              25.008262818032968,
              45.852170707708815
            ],
            [
              24.940346926975238,
              45.852170707708815
            ],
            [
              24.940346926975238,
              45.829394644776876
            ],
            [
              24.702641308273172,
              45.829394644776876
            ],
            [
              24.702641308273172,
              45.80661858184494
            ],
            [
              24.668683362744307,
              45.80661858184494
            ],
            [
              24.668683362744307,
              45.783842518913
            ],
            [
              24.634725417215442,
              45.783842518913
            ],
            [
              24.634725417215442,
              45.761066455981066
            ],
            [
              24.600767471686574,
              45.761066455981066
            ],
            [
              24.600767471686574,
              45.73829039304913
            ],
            [
              24.397019798513377,
              45.73829039304913
            ],
            [
              24.397019798513377,
              45.71551433011719
            ],
            [
              24.227230070869048,
              45.71551433011719
            ],
            [
              24.227230070869048,
              45.69273826718525
            ],
            [
              24.19327212534018,
              45.69273826718525
            ],
            [
              24.19327212534018,
              45.66996220425331
            ],
            [
              24.12535623428245,
              45.66996220425331
            ],
            [
              24.12535623428245,
              45.64718614132137
            ],
            [
              24.09139828875358,
              45.64718614132137
            ],
            [
              24.09139828875358,
              45.62441007838944
            ],
            [
              24.057440343224716,
              45.62441007838944
            ],
            [
              24.057440343224716,
              45.6016340154575
            ],
            [
              24.02348239769585,
              45.6016340154575
            ],
            [
              24.02348239769585,
              45.55608188959362
            ],
            [
              23.989524452166982,
              45.55608188959362
            ],
            [
              23.989524452166982,
              45.44220157493393
            ],
            [
              24.02348239769585,
              45.44220157493393
            ],
            [
              24.02348239769585,
              45.41942551200199
            ],
            [
              24.09139828875358,
              45.41942551200199
            ],
            [
              24.09139828875358,
              45.396649449070054
            ],
            [
              24.702641308273172,
              45.396649449070054
            ],
            [
              24.702641308273172,
              45.37387338613812
            ],
            [
              24.872431035917504,
              45.37387338613812
            ],
            [
              24.872431035917504,
              45.35109732320618
            ],
            [
              25.0761787090907,
              45.35109732320618
            ],
            [
              25.0761787090907,
              45.328321260274244
            ],
            [
              25.212010491206165,
              45.328321260274244
            ],
            [
              25.212010491206165,
              45.305545197342305
            ],
            [
              25.78929556519689,
              45.305545197342305
            ],
            [
              25.78929556519689,
              45.328321260274244
            ],
            [
              25.89116940178349,
              45.328321260274244
            ],
            [
              25.89116940178349,
              45.35109732320618
            ],
            [
              25.959085292841223,
              45.35109732320618
            ],
            [
              25.959085292841223,
              45.37387338613812
            ],
            [
              26.027001183898953,
              45.37387338613812
            ],
            [
              26.027001183898953,
              45.396649449070054
            ],
            [
              26.094917074956687,
              45.396649449070054
            ],
            [
              26.094917074956687,
              45.41942551200199
            ],
            [
              26.12887502048555,
              45.41942551200199
            ],
            [
              26.12887502048555,
              45.44220157493393
            ],
            [
              26.196790911543285,
              45.44220157493393
            ],
            [
              26.196790911543285,
              45.46497763786587
            ],
            [
              26.23074885707215,
              45.46497763786587
            ],
            [
              26.23074885707215,
              45.48775370079781
            ],
            [
              26.26470680260102,
              45.48775370079781
            ],
            [
              26.26470680260102,
              45.51052976372975
            ],
            [
              26.298664748129884,
              45.51052976372975
            ],
            [
              26.298664748129884,
              45.53330582666168
            ],
            [
              26.366580639187617,
              45.53330582666168
            ],
            [
              26.366580639187617,
              45.55608188959362
            ],
            [
              26.400538584716482,
              45.55608188959362
            ],
            [
              26.400538584716482,
              45.57885795252556
            ],
            [
              26.434496530245347,
              45.57885795252556
            ],
            [
              26.434496530245347,
              45.6016340154575
            ],
            [
              26.50241242130308,
              45.6016340154575
            ],
            [
              26.50241242130308,
              45.62441007838944
            ],
            [
              26.536370366831946,
              45.62441007838944
            ],
            [
              26.536370366831946,
              45.64718614132137
            ],
            [
              26.570328312360814,
              45.64718614132137
            ],
            [
              26.570328312360814,
              45.66996220425331
            ],
            [
              26.60428625788968,
              45.66996220425331
            ],
            [
              26.60428625788968,
              45.69273826718525
            ],
            [
              26.638244203418544,
              45.69273826718525
            ],
            [
              26.638244203418544,
              45.829394644776876
            ],
            [
              26.672202148947413,
              45.829394644776876
            ],
            [
              26.672202148947413,
              45.943274959436565
            ],
            [
              26.638244203418544,
              45.943274959436565
            ],
            [
              26.638244203418544,
              46.034379211164314
            ],
            [
              26.60428625788968,
              46.034379211164314
            ],
            [
              26.60428625788968,
              46.05715527409625
            ],
            [
              26.570328312360814,
              46.05715527409625
            ],
            [
              26.570328312360814,
              46.07993133702819
            ],
            [
              26.536370366831946,
              46.07993133702819
            ],
            [
              26.536370366831946,
              46.10270739996013
            ],
            [
              26.468454475774216,
              46.10270739996013
            ],
            [
              26.468454475774216,
              46.12548346289207
            ],
            [
              26.366580639187617,
              46.12548346289207
            ],
            [
              26.366580639187617,
              46.148259525824
            ],
            [
              26.298664748129884,
              46.148259525824
            ],
            [
              26.298664748129884,
              46.17103558875594
            ],
            [
              26.26470680260102,
              46.17103558875594
            ],
            [
              26.26470680260102,
              46.35324409221145
            ],
            [
              26.298664748129884,
              46.35324409221145
            ],
            [
              26.298664748129884,
              46.489900469803075
            ],
            [
              26.33262269365875,
              46.489900469803075
            ],
            [
              26.33262269365875,
              46.6265568473947
            ],
            [
              26.298664748129884,
              46.6265568473947
            ],
            [
              26.298664748129884,
              46.78598928791826
            ],
            [
              26.26470680260102,
              46.78598928791826
            ],
            [
              26.26470680260102,
              46.87709353964602
            ],
            [
              26.298664748129884,
              46.87709353964602
            ],
            [
              26.298664748129884,
              47.104854168965396
            ],
            [
              26.33262269365875,
              47.104854168965396
            ],
            [
              26.33262269365875,
              47.218734483625084
            ],
            [
              26.366580639187617,
              47.218734483625084
            ],
            [
              26.366580639187617,
              47.33261479828477
            ],
            [
              26.400538584716482,
              47.33261479828477
            ],
            [
              26.400538584716482,
              47.40094298708058
            ],
            [
              26.434496530245347,
              47.40094298708058
            ],
            [
              26.434496530245347,
              47.49204723880834
            ],
            [
              26.468454475774216,
              47.49204723880834
            ],
            [
              26.468454475774216,
              47.53759936467221
            ],
            [
              26.50241242130308,
              47.53759936467221
            ],
            [
              26.50241242130308,
              47.58315149053609
            ],
            [
              26.536370366831946,
              47.58315149053609
            ],
            [
              26.536370366831946,
              47.60592755346803
            ],
            [
              26.570328312360814,
              47.60592755346803
            ],
            [
              26.570328312360814,
              47.651479679331906
            ],
            [
              26.60428625788968,
              47.651479679331906
            ],
            [
              26.60428625788968,
              47.67425574226384
            ],
            [
              26.638244203418544,
              47.67425574226384
            ],
            [
              26.638244203418544,
              47.71980786812772
            ],
            [
              26.672202148947413,
              47.71980786812772
            ],
            [
              26.672202148947413,
              47.78813605692353
            ],
            [
              26.740118040005143,
              47.78813605692353
            ],
            [
              26.740118040005143,
              47.810912119855466
            ],
            [
              26.808033931062877,
              47.810912119855466
            ],
            [
              26.808033931062877,
              47.833688182787405
            ],
            [
              26.84199187659174,
              47.833688182787405
            ],
            [
              26.84199187659174,
              47.856464245719344
            ],
            [
              26.87594982212061,
              47.856464245719344
            ],
            [
              26.87594982212061,
              47.87924030865128
            ],
            [
              26.909907767649475,
              47.87924030865128
            ],
            [
              26.909907767649475,
              47.90201637158322
            ],
            [
              26.94386571317834,
              47.90201637158322
            ],
            [
              26.94386571317834,
              47.924792434515155
            ],
            [
              26.97782365870721,
              47.924792434515155
            ],
            [
              26.97782365870721,
              47.947568497447094
            ],
            [
              27.011781604236074,
              47.947568497447094
            ],
            [
              27.011781604236074,
              47.97034456037903
            ],
            [
              27.079697495293807,
              47.974373392973625
            ],
            [
              27.233872918412743,
              47.82677094175638
            ],
            [
              27.551166212684848,
              47.40511709247083
            ],
            [
              28.128030226359044,
              46.810476386088254
            ],
            [
              28.160017937947714,
              46.37156260841722
            ],
            [
              28.087908686819375,
              46.07993133702819
            ],
            [
              28.064477915630924,
              46.07993133702819
            ],
            [
              28.064477915630924,
              46.05715527409625
            ],
            [
              28.082277038217867,
              46.05715527409625
            ],
            [
              28.064477915630924,
              45.985170325307905
            ],
            [
              28.03051997010206,
              45.98882708530044
            ],
            [
              28.03051997010206,
              45.943274959436565
            ],
            [
              28.0549576375985,
              45.943274959436565
            ],
            [
              28.08177819279286,
              45.874946770640754
            ],
            [
              28.064477915630924,
              45.874946770640754
            ]
          ],
          [
            [
              23.37828143264739,
              45.282769134410366
            ],
            [
              23.446197323705125,
              45.282769134410366
            ],
            [
              23.446197323705125,
              45.25999307147843
            ],
            [
              23.615987051349457,
              45.25999307147843
            ],
            [
              23.615987051349457,
              45.237217008546494
            ],
            [
              23.717860887936055,
              45.237217008546494
            ],
            [
              23.717860887936055,
              45.25999307147843
            ],
            [
              23.785776778993785,
              45.25999307147843
            ],
            [
              23.785776778993785,
              45.282769134410366
            ],
            [
              23.819734724522654,
              45.282769134410366
            ],
            [
              23.819734724522654,
              45.305545197342305
            ],
            [
              23.85369267005152,
              45.305545197342305
            ],
            [
              23.85369267005152,
              45.55608188959362
            ],
            [
              23.819734724522654,
              45.55608188959362
            ],
            [
              23.819734724522654,
              45.6016340154575
            ],
            [
              23.785776778993785,
              45.6016340154575
            ],
            [
              23.785776778993785,
              45.62441007838944
            ],
            [
              23.75181883346492,
              45.62441007838944
            ],
            [
              23.75181883346492,
              45.64718614132137
            ],
            [
              23.717860887936055,
              45.64718614132137
            ],
            [
              23.717860887936055,
              45.66996220425331
            ],
            [
              23.615987051349457,
              45.66996220425331
            ],
            [
              23.615987051349457,
              45.69273826718525
            ],
            [
              23.31036554158966,
              45.69273826718525
            ],
            [
              23.31036554158966,
              45.66996220425331
            ],
            [
              23.276407596060793,
              45.66996220425331
            ],
            [
              23.276407596060793,
              45.62441007838944
            ],
            [
              23.242449650531928,
              45.62441007838944
            ],
            [
              23.242449650531928,
              45.46497763786587
            ],
            [
              23.276407596060793,
              45.46497763786587
            ],
            [
              23.276407596060793,
              45.396649449070054
            ],
            [
              23.31036554158966,
              45.396649449070054
            ],
            [
              23.31036554158966,
              45.328321260274244
            ],
            [
              23.344323487118526,
              45.328321260274244
            ],
            [
              23.344323487118526,
              45.305545197342305
            ],
            [
              23.37828143264739,
              45.305545197342305
            ],
            [
              23.37828143264739,
              45.282769134410366
            ]
          ],
          [
            [
              22.8689122497144,
              46.2621398404837
            ],
            [
              22.834954304185533,
              46.2621398404837
            ],
            [
              22.834954304185533,
              46.12548346289207
            ],
            [
              22.8689122497144,
              46.12548346289207
            ],
            [
              22.8689122497144,
              46.10270739996013
            ],
            [
              22.902870195243267,
              46.10270739996013
            ],
            [
              22.902870195243267,
              46.07993133702819
            ],
            [
              22.970786086300997,
              46.07993133702819
            ],
            [
              22.970786086300997,
              46.05715527409625
            ],
            [
              23.072659922887595,
              46.05715527409625
            ],
            [
              23.072659922887595,
              46.07993133702819
            ],
            [
              23.14057581394533,
              46.07993133702819
            ],
            [
              23.14057581394533,
              46.10270739996013
            ],
            [
              23.174533759474194,
              46.10270739996013
            ],
            [
              23.174533759474194,
              46.12548346289207
            ],
            [
              23.242449650531928,
              46.12548346289207
            ],
            [
              23.242449650531928,
              46.148259525824
            ],
            [
              23.276407596060793,
              46.148259525824
            ],
            [
              23.276407596060793,
              46.17103558875594
            ],
            [
              23.31036554158966,
              46.17103558875594
            ],
            [
              23.31036554158966,
              46.19381165168788
            ],
            [
              23.37828143264739,
              46.19381165168788
            ],
            [
              23.37828143264739,
              46.21658771461982
            ],
            [
              23.41223937817626,
              46.21658771461982
            ],
            [
              23.41223937817626,
              46.2621398404837
            ],
            [
              23.446197323705125,
              46.2621398404837
            ],
            [
              23.446197323705125,
              46.30769196634757
            ],
            [
              23.48015526923399,
              46.30769196634757
            ],
            [
              23.48015526923399,
              46.39879621807532
            ],
            [
              23.514113214762858,
              46.39879621807532
            ],
            [
              23.514113214762858,
              46.4443483439392
            ],
            [
              23.48015526923399,
              46.4443483439392
            ],
            [
              23.48015526923399,
              46.581004721530824
            ],
            [
              23.446197323705125,
              46.581004721530824
            ],
            [
              23.446197323705125,
              46.603780784462764
            ],
            [
              23.41223937817626,
              46.603780784462764
            ],
            [
              23.41223937817626,
              46.6265568473947
            ],
            [
              23.344323487118526,
              46.6265568473947
            ],
            [
              23.344323487118526,
              46.649332910326635
            ],
            [
              23.31036554158966,
              46.649332910326635
            ],
            [
              23.31036554158966,
              46.672108973258574
            ],
            [
              23.276407596060793,
              46.672108973258574
            ],
            [
              23.276407596060793,
              46.69488503619051
            ],
            [
              23.242449650531928,
              46.69488503619051
            ],
            [
              23.242449650531928,
              46.71766109912245
            ],
            [
              23.208491705003063,
              46.71766109912245
            ],
            [
              23.208491705003063,
              46.74043716205439
            ],
            [
              23.072659922887595,
              46.74043716205439
            ],
            [
              23.072659922887595,
              46.71766109912245
            ],
            [
              23.03870197735873,
              46.71766109912245
            ],
            [
              23.03870197735873,
              46.69488503619051
            ],
            [
              23.004744031829865,
              46.69488503619051
            ],
            [
              23.004744031829865,
              46.672108973258574
            ],
            [
              22.970786086300997,
              46.672108973258574
            ],
            [
              22.970786086300997,
              46.6265568473947
            ],
            [
              22.936828140772132,
              46.6265568473947
            ],
            [
              22.936828140772132,
              46.535452595666946
            ],
            [
              22.902870195243267,
              46.535452595666946
            ],
            [
              22.902870195243267,
              46.39879621807532
            ],
            [
              22.8689122497144,
              46.39879621807532
            ],
            [
              22.8689122497144,
              46.2621398404837
            ]
          ],
          [
            [
              22.631206631012336,
              45.37387338613812
            ],
            [
              22.59724868548347,
              45.37387338613812
            ],
            [
              22.59724868548347,
              45.35109732320618
            ],
            [
              22.529332794425738,
              45.35109732320618
            ],
            [
              22.529332794425738,
              45.328321260274244
            ],
            [
              22.495374848896873,
              45.328321260274244
            ],
            [
              22.495374848896873,
              45.305545197342305
            ],
            [
              22.461416903368004,
              45.305545197342305
            ],
            [
              22.461416903368004,
              45.282769134410366
            ],
            [
              22.42745895783914,
              45.282769134410366
            ],
            [
              22.42745895783914,
              45.25999307147843
            ],
            [
              22.393501012310274,
              45.25999307147843
            ],
            [
              22.393501012310274,
              45.237217008546494
            ],
            [
              22.359543066781406,
              45.237217008546494
            ],
            [
              22.359543066781406,
              45.214440945614555
            ],
            [
              22.32558512125254,
              45.214440945614555
            ],
            [
              22.32558512125254,
              45.16888881975068
            ],
            [
              22.291627175723676,
              45.16888881975068
            ],
            [
              22.291627175723676,
              45.10056063095487
            ],
            [
              22.32558512125254,
              45.10056063095487
            ],
            [
              22.32558512125254,
              45.05500850509099
            ],
            [
              22.359543066781406,
              45.05500850509099
            ],
            [
              22.359543066781406,
              45.03223244215905
            ],
            [
              22.495374848896873,
              45.03223244215905
            ],
            [
              22.495374848896873,
              45.00945637922712
            ],
            [
              22.631206631012336,
              45.00945637922712
            ],
            [
              22.631206631012336,
              45.03223244215905
            ],
            [
              22.7670384131278,
              45.03223244215905
            ],
            [
              22.7670384131278,
              45.05500850509099
            ],
            [
              22.834954304185533,
              45.05500850509099
            ],
            [
              22.834954304185533,
              45.07778456802293
            ],
            [
              22.902870195243267,
              45.07778456802293
            ],
            [
              22.902870195243267,
              45.10056063095487
            ],
            [
              22.936828140772132,
              45.10056063095487
            ],
            [
              22.936828140772132,
              45.123336693886806
            ],
            [
              23.004744031829865,
              45.123336693886806
            ],
            [
              23.004744031829865,
              45.14611275681874
            ],
            [
              23.03870197735873,
              45.14611275681874
            ],
            [
              23.03870197735873,
              45.214440945614555
            ],
            [
              23.072659922887595,
              45.214440945614555
            ],
            [
              23.072659922887595,
              45.44220157493393
            ],
            [
              23.03870197735873,
              45.44220157493393
            ],
            [
              23.03870197735873,
              45.51052976372975
            ],
            [
              23.004744031829865,
              45.51052976372975
            ],
            [
              23.004744031829865,
              45.53330582666168
            ],
            [
              22.8689122497144,
              45.53330582666168
            ],
            [
              22.8689122497144,
              45.51052976372975
            ],
            [
              22.834954304185533,
              45.51052976372975
            ],
            [
              22.834954304185533,
              45.48775370079781
            ],
            [
              22.80099635865667,
              45.48775370079781
            ],
            [
              22.80099635865667,
              45.46497763786587
            ],
            [
              22.7670384131278,
              45.46497763786587
            ],
            [
              22.7670384131278,
              45.44220157493393
            ],
            [
              22.733080467598935,
              45.44220157493393
            ],
            [
              22.733080467598935,
              45.41942551200199
            ],
            [
              22.6651645765412,
              45.41942551200199
            ],
            [
              22.6651645765412,
              45.396649449070054
            ],
            [
              22.631206631012336,
              45.396649449070054
            ],
            [
              22.631206631012336,
              45.37387338613812
            ]
          ]
        ]
      }
    },
    {
      "type": "Feature",
      "properties": {
        "zone": "IV",
        "design_temperature_c": -21,
        "fill": "#6EC5D9"
      },
      "geometry": {
        "type": "MultiPolygon",
        "coordinates": [
          [
            [
              [
                25.008262818032968,
                45.874946770640754
              ],
              [
                25.042220763561836,
                45.874946770640754
              ],
              [
                25.042220763561836,
                45.897722833572686
              ],
              [
                25.0761787090907,
                45.897722833572686
              ],
              [
                25.0761787090907,
                45.943274959436565
              ],
              [
                25.110136654619566,
                45.943274959436565
              ],
              [
                25.110136654619566,
                45.966051022368504
              ],
              [
                25.144094600148435,
                45.966051022368504
              ],
              [
                25.144094600148435,
                46.01160314823238
              ],
              [
                25.1780525456773,
                46.01160314823238
              ],
              [
                25.1780525456773,
                46.19381165168788
              ],
              [
                25.144094600148435,
                46.19381165168788
              ],
              [
                25.144094600148435,
                46.21658771461982
              ],
              [
                25.0761787090907,
                46.21658771461982
              ],
              [
                25.0761787090907,
                46.23936377755176
              ],
              [
                25.008262818032968,
                46.23936377755176
              ],
              [
                25.008262818032968,
                46.2621398404837
              ],
              [
                24.90638898144637,
                46.2621398404837
              ],
              [
                24.90638898144637,
                46.28491590341563
              ],
              [
                24.80451514485977,
                46.28491590341563
              ],
              [
                24.80451514485977,
                46.30769196634757
              ],
              [
                24.702641308273172,
                46.30769196634757
              ],
              [
                24.702641308273172,
                46.33046802927951
              ],
              [
                24.634725417215442,
                46.33046802927951
              ],
              [
                24.634725417215442,
                46.35324409221145
              ],
              [
                24.600767471686574,
                46.35324409221145
              ],
              [
                24.600767471686574,
                46.37602015514339
              ],
              [
                24.56680952615771,
                46.37602015514339
              ],
              [
                24.56680952615771,
                46.39879621807532
              ],
              [
                24.532851580628844,
                46.39879621807532
              ],
              [
                24.532851580628844,
                46.42157228100726
              ],
              [
                24.498893635099975,
                46.42157228100726
              ],
              [
                24.498893635099975,
                46.489900469803075
              ],
              [
                24.46493568957111,
                46.489900469803075
              ],
              [
                24.46493568957111,
                46.512676532735014
              ],
              [
                24.430977744042245,
                46.512676532735014
              ],
              [
                24.430977744042245,
                46.535452595666946
              ],
              [
                24.397019798513377,
                46.535452595666946
              ],
              [
                24.397019798513377,
                46.581004721530824
              ],
              [
                24.36306185298451,
                46.581004721530824
              ],
              [
                24.36306185298451,
                46.649332910326635
              ],
              [
                24.329103907455647,
                46.649332910326635
              ],
              [
                24.329103907455647,
                46.71766109912245
              ],
              [
                24.295145961926778,
                46.71766109912245
              ],
              [
                24.295145961926778,
                46.76321322498633
              ],
              [
                24.261188016397913,
                46.76321322498633
              ],
              [
                24.261188016397913,
                46.78598928791826
              ],
              [
                24.227230070869048,
                46.78598928791826
              ],
              [
                24.227230070869048,
                46.8087653508502
              ],
              [
                24.19327212534018,
                46.8087653508502
              ],
              [
                24.19327212534018,
                46.83154141378214
              ],
              [
                24.159314179811314,
                46.83154141378214
              ],
              [
                24.159314179811314,
                46.85431747671408
              ],
              [
                24.12535623428245,
                46.85431747671408
              ],
              [
                24.12535623428245,
                46.89986960257795
              ],
              [
                24.09139828875358,
                46.89986960257795
              ],
              [
                24.09139828875358,
                46.99097385430571
              ],
              [
                24.057440343224716,
                46.99097385430571
              ],
              [
                24.057440343224716,
                47.218734483625084
              ],
              [
                24.02348239769585,
                47.218734483625084
              ],
              [
                24.02348239769585,
                47.24151054655702
              ],
              [
                23.989524452166982,
                47.24151054655702
              ],
              [
                23.989524452166982,
                47.287062672420895
              ],
              [
                23.955566506638117,
                47.287062672420895
              ],
              [
                23.955566506638117,
                47.33261479828477
              ],
              [
                23.921608561109252,
                47.33261479828477
              ],
              [
                23.921608561109252,
                47.35539086121671
              ],
              [
                23.887650615580384,
                47.35539086121671
              ],
              [
                23.887650615580384,
                47.42371905001252
              ],
              [
                23.85369267005152,
                47.42371905001252
              ],
              [
                23.85369267005152,
                47.51482330174028
              ],
              [
                23.887650615580384,
                47.51482330174028
              ],
              [
                23.887650615580384,
                47.53759936467221
              ],
              [
                24.227230070869048,
                47.53759936467221
              ],
              [
                24.227230070869048,
                47.56037542760415
              ],
              [
                24.09139828875358,
                47.56037542760415
              ],
              [
                24.09139828875358,
                47.58315149053609
              ],
              [
                23.887650615580384,
                47.58315149053609
              ],
              [
                23.887650615580384,
                47.742583931059656
              ],
              [
                23.921608561109252,
                47.742583931059656
              ],
              [
                23.921608561109252,
                47.87924030865128
              ],
              [
                23.819734724522654,
                47.87924030865128
              ],
              [
                23.819734724522654,
                47.90201637158322
              ],
              [
                23.785776778993785,
                47.90201637158322
              ],
              [
                23.785776778993785,
                47.924792434515155
              ],
              [
                23.615987051349457,
                47.924792434515155
              ],
              [
                23.615987051349457,
                47.947568497447094
              ],
              [
                23.48015526923399,
                47.947568497447094
              ],
              [
                23.48015526923399,
                47.924792434515155
              ],
              [
                23.344323487118526,
                47.924792434515155
              ],
              [
                23.344323487118526,
                47.947568497447094
              ],
              [
                23.276407596060793,
                47.947568497447094
              ],
              [
                23.276407596060793,
                47.97034456037903
              ],
              [
                23.242449650531928,
                47.97034456037903
              ],
              [
                23.242449650531928,
                47.99312062331097
              ],
              [
                23.208491705003063,
                47.99312062331097
              ],
              [
                23.208491705003063,
                48.01589668624291
              ],
              [
                23.174533759474194,
                48.01589668624291
              ],
              [
                23.174533759474194,
                48.03867274917484
              ],
              [
                23.072659922887595,
                48.03867274917484
              ],
              [
                23.072659922887595,
                47.99312062331097
              ],
              [
                23.03870197735873,
                47.99312062331097
              ],
              [
                23.03870197735873,
                47.97034456037903
              ],
              [
                23.004744031829865,
                47.97034456037903
              ],
              [
                23.004744031829865,
                47.947568497447094
              ],
              [
                22.970786086300997,
                47.947568497447094
              ],
              [
                22.970786086300997,
                47.924792434515155
              ],
              [
                22.936828140772132,
                47.924792434515155
              ],
              [
                22.936828140772132,
                47.947568497447094
              ],
              [
                22.902870195243267,
                47.947568497447094
              ],
              [
                22.902870195243267,
                47.924792434515155
              ],
              [
                22.8689122497144,
                47.924792434515155
              ],
              [
                22.8689122497144,
                47.90201637158322
              ],
              [
                22.834954304185533,
                47.90201637158322
              ],
              [
                22.834954304185533,
                47.87924030865128
              ],
              [
                22.80099635865667,
                47.87924030865128
              ],
              [
                22.80099635865667,
                47.856464245719344
              ],
              [
                22.7670384131278,
                47.856464245719344
              ],
              [
                22.7670384131278,
                47.810912119855466
              ],
              [
                22.733080467598935,
                47.810912119855466
              ],
              [
                22.733080467598935,
                47.78813605692353
              ],
              [
                22.69912252207007,
                47.78813605692353
              ],
              [
                22.69912252207007,
                47.765359993991595
              ],
              [
                22.6651645765412,
                47.765359993991595
              ],
              [
                22.6651645765412,
                47.742583931059656
              ],
              [
                22.631206631012336,
                47.742583931059656
              ],
              [
                22.631206631012336,
                47.71980786812772
              ],
              [
                22.563290739954603,
                47.71980786812772
              ],
              [
                22.563290739954603,
                47.69703180519578
              ],
              [
                22.461416903368004,
                47.69703180519578
              ],
              [
                22.461416903368004,
                47.71980786812772
              ],
              [
                22.359543066781406,
                47.71980786812772
              ],
              [
                22.359543066781406,
                47.69703180519578
              ],
              [
                22.32558512125254,
                47.69703180519578
              ],
              [
                22.32558512125254,
                47.67425574226384
              ],
              [
                22.223711284665942,
                47.67425574226384
              ],
              [
                22.223711284665942,
                47.62870361639997
              ],
              [
                22.189753339137077,
                47.62870361639997
              ],
              [
                22.189753339137077,
                47.60592755346803
              ],
              [
                22.15579539360821,
                47.60592755346803
              ],
              [
                22.15579539360821,
                47.56037542760415
              ],
              [
                22.121837448079344,
                47.56037542760415
              ],
              [
                22.121837448079344,
                47.53759936467221
              ],
              [
                22.08787950255048,
                47.53759936467221
              ],
              [
                22.08787950255048,
                47.51482330174028
              ],
              [
                22.05392155702161,
                47.51482330174028
              ],
              [
                22.05392155702161,
                47.49204723880834
              ],
              [
                22.019963611492745,
                47.49204723880834
              ],
              [
                22.019963611492745,
                47.4692711758764
              ],
              [
                21.98600566596388,
                47.4692711758764
              ],
              [
                21.98600566596388,
                47.44649511294446
              ],
              [
                21.95204772043501,
                47.44649511294446
              ],
              [
                21.95204772043501,
                47.46074710263755
              ],
              [
                22.099767693782837,
                47.6724392767167
              ],
              [
                22.710531447040495,
                47.88219391538941
              ],
              [
                23.142236362406805,
                48.09634105080695
              ],
              [
                23.76095828623741,
                47.985598456405455
              ],
              [
                24.40205610525038,
                47.98187775328043
              ],
              [
                24.866317172960578,
                47.737525743188314
              ],
              [
                25.20774336111299,
                47.89105642352747
              ],
              [
                25.9459411964024,
                47.987148749374214
              ],
              [
                26.19745039236693,
                48.22088125263035
              ],
              [
                26.619336785597795,
                48.22072622333347
              ],
              [
                26.924176059687568,
                48.123264472030996
              ],
              [
                27.079697495293807,
                47.97034456037903
              ],
              [
                27.011781604236074,
                47.97034456037903
              ],
              [
                27.011781604236074,
                47.947568497447094
              ],
              [
                26.97782365870721,
                47.947568497447094
              ],
              [
                26.97782365870721,
                47.924792434515155
              ],
              [
                26.94386571317834,
                47.924792434515155
              ],
              [
                26.94386571317834,
                47.90201637158322
              ],
              [
                26.909907767649475,
                47.90201637158322
              ],
              [
                26.909907767649475,
                47.87924030865128
              ],
              [
                26.87594982212061,
                47.87924030865128
              ],
              [
                26.87594982212061,
                47.856464245719344
              ],
              [
                26.84199187659174,
                47.856464245719344
              ],
              [
                26.84199187659174,
                47.833688182787405
              ],
              [
                26.808033931062877,
                47.833688182787405
              ],
              [
                26.808033931062877,
                47.810912119855466
              ],
              [
                26.740118040005143,
                47.810912119855466
              ],
              [
                26.740118040005143,
                47.78813605692353
              ],
              [
                26.672202148947413,
                47.78813605692353
              ],
              [
                26.672202148947413,
                47.71980786812772
              ],
              [
                26.638244203418544,
                47.71980786812772
              ],
              [
                26.638244203418544,
                47.67425574226384
              ],
              [
                26.60428625788968,
                47.67425574226384
              ],
              [
                26.60428625788968,
                47.651479679331906
              ],
              [
                26.570328312360814,
                47.651479679331906
              ],
              [
                26.570328312360814,
                47.60592755346803
              ],
              [
                26.536370366831946,
                47.60592755346803
              ],
              [
                26.536370366831946,
                47.58315149053609
              ],
              [
                26.50241242130308,
                47.58315149053609
              ],
              [
                26.50241242130308,
                47.53759936467221
              ],
              [
                26.468454475774216,
                47.53759936467221
              ],
              [
                26.468454475774216,
                47.49204723880834
              ],
              [
                26.434496530245347,
                47.49204723880834
              ],
              [
                26.434496530245347,
                47.40094298708058
              ],
              [
                26.400538584716482,
                47.40094298708058
              ],
              [
                26.400538584716482,
                47.33261479828477
              ],
              [
                26.366580639187617,
                47.33261479828477
              ],
              [
                26.366580639187617,
                47.218734483625084
              ],
              [
                26.33262269365875,
                47.218734483625084
              ],
              [
                26.33262269365875,
                47.104854168965396
              ],
              [
                26.298664748129884,
                47.104854168965396
              ],
              [
                26.298664748129884,
                46.87709353964602
              ],
              [
                26.26470680260102,
                46.87709353964602
              ],
              [
                26.26470680260102,
                46.78598928791826
              ],
              [
                26.298664748129884,
                46.78598928791826
              ],
              [
                26.298664748129884,
                46.6265568473947
              ],
              [
                26.33262269365875,
                46.6265568473947
              ],
              [
                26.33262269365875,
                46.489900469803075
              ],
              [
                26.298664748129884,
                46.489900469803075
              ],
              [
                26.298664748129884,
                46.35324409221145
              ],
              [
                26.26470680260102,
                46.35324409221145
              ],
              [
                26.26470680260102,
                46.17103558875594
              ],
              [
                26.298664748129884,
                46.17103558875594
              ],
              [
                26.298664748129884,
                46.148259525824
              ],
              [
                26.366580639187617,
                46.148259525824
              ],
              [
                26.366580639187617,
                46.12548346289207
              ],
              [
                26.468454475774216,
                46.12548346289207
              ],
              [
                26.468454475774216,
                46.10270739996013
              ],
              [
                26.536370366831946,
                46.10270739996013
              ],
              [
                26.536370366831946,
                46.07993133702819
              ],
              [
                26.570328312360814,
                46.07993133702819
              ],
              [
                26.570328312360814,
                46.05715527409625
              ],
              [
                26.60428625788968,
                46.05715527409625
              ],
              [
                26.60428625788968,
                46.034379211164314
              ],
              [
                26.638244203418544,
                46.034379211164314
              ],
              [
                26.638244203418544,
                45.943274959436565
              ],
              [
                26.672202148947413,
                45.943274959436565
              ],
              [
                26.672202148947413,
                45.829394644776876
              ],
              [
                26.638244203418544,
                45.829394644776876
              ],
              [
                26.638244203418544,
                45.69273826718525
              ],
              [
                26.60428625788968,
                45.69273826718525
              ],
              [
                26.60428625788968,
                45.66996220425331
              ],
              [
                26.570328312360814,
                45.66996220425331
              ],
              [
                26.570328312360814,
                45.64718614132137
              ],
              [
                26.536370366831946,
                45.64718614132137
              ],
              [
                26.536370366831946,
                45.62441007838944
              ],
              [
                26.50241242130308,
                45.62441007838944
              ],
              [
                26.50241242130308,
                45.6016340154575
              ],
              [
                26.434496530245347,
                45.6016340154575
              ],
              [
                26.434496530245347,
                45.57885795252556
              ],
              [
                26.400538584716482,
                45.57885795252556
              ],
              [
                26.400538584716482,
                45.55608188959362
              ],
              [
                26.366580639187617,
                45.55608188959362
              ],
              [
                26.366580639187617,
                45.53330582666168
              ],
              [
                26.298664748129884,
                45.53330582666168
              ],
              [
                26.298664748129884,
                45.51052976372975
              ],
              [
                26.26470680260102,
                45.51052976372975
              ],
              [
                26.26470680260102,
                45.48775370079781
              ],
              [
                26.23074885707215,
                45.48775370079781
              ],
              [
                26.23074885707215,
                45.46497763786587
              ],
              [
                26.196790911543285,
                45.46497763786587
              ],
              [
                26.196790911543285,
                45.44220157493393
              ],
              [
                26.12887502048555,
                45.44220157493393
              ],
              [
                26.12887502048555,
                45.41942551200199
              ],
              [
                26.094917074956687,
                45.41942551200199
              ],
              [
                26.094917074956687,
                45.396649449070054
              ],
              [
                26.027001183898953,
                45.396649449070054
              ],
              [
                26.027001183898953,
                45.37387338613812
              ],
              [
                25.959085292841223,
                45.37387338613812
              ],
              [
                25.959085292841223,
                45.35109732320618
              ],
              [
                25.89116940178349,
                45.35109732320618
              ],
              [
                25.89116940178349,
                45.328321260274244
              ],
              [
                25.78929556519689,
                45.328321260274244
              ],
              [
                25.78929556519689,
                45.305545197342305
              ],
              [
                25.212010491206165,
                45.305545197342305
              ],
              [
                25.212010491206165,
                45.328321260274244
              ],
              [
                25.0761787090907,
                45.328321260274244
              ],
              [
                25.0761787090907,
                45.35109732320618
              ],
              [
                24.872431035917504,
                45.35109732320618
              ],
              [
                24.872431035917504,
                45.37387338613812
              ],
              [
                24.702641308273172,
                45.37387338613812
              ],
              [
                24.702641308273172,
                45.396649449070054
              ],
              [
                24.09139828875358,
                45.396649449070054
              ],
              [
                24.09139828875358,
                45.41942551200199
              ],
              [
                24.02348239769585,
                45.41942551200199
              ],
              [
                24.02348239769585,
                45.44220157493393
              ],
              [
                23.989524452166982,
                45.44220157493393
              ],
              [
                23.989524452166982,
                45.55608188959362
              ],
              [
                24.02348239769585,
                45.55608188959362
              ],
              [
                24.02348239769585,
                45.6016340154575
              ],
              [
                24.057440343224716,
                45.6016340154575
              ],
              [
                24.057440343224716,
                45.62441007838944
              ],
              [
                24.09139828875358,
                45.62441007838944
              ],
              [
                24.09139828875358,
                45.64718614132137
              ],
              [
                24.12535623428245,
                45.64718614132137
              ],
              [
                24.12535623428245,
                45.66996220425331
              ],
              [
                24.19327212534018,
                45.66996220425331
              ],
              [
                24.19327212534018,
                45.69273826718525
              ],
              [
                24.227230070869048,
                45.69273826718525
              ],
              [
                24.227230070869048,
                45.71551433011719
              ],
              [
                24.397019798513377,
                45.71551433011719
              ],
              [
                24.397019798513377,
                45.73829039304913
              ],
              [
                24.600767471686574,
                45.73829039304913
              ],
              [
                24.600767471686574,
                45.761066455981066
              ],
              [
                24.634725417215442,
                45.761066455981066
              ],
              [
                24.634725417215442,
                45.783842518913
              ],
              [
                24.668683362744307,
                45.783842518913
              ],
              [
                24.668683362744307,
                45.80661858184494
              ],
              [
                24.702641308273172,
                45.80661858184494
              ],
              [
                24.702641308273172,
                45.829394644776876
              ],
              [
                24.940346926975238,
                45.829394644776876
              ],
              [
                24.940346926975238,
                45.852170707708815
              ],
              [
                25.008262818032968,
                45.852170707708815
              ],
              [
                25.008262818032968,
                45.874946770640754
              ]
            ],
            [
              [
                25.415758164379362,
                45.98882708530044
              ],
              [
                25.415758164379362,
                45.874946770640754
              ],
              [
                25.44971610990823,
                45.874946770640754
              ],
              [
                25.44971610990823,
                45.829394644776876
              ],
              [
                25.483674055437096,
                45.829394644776876
              ],
              [
                25.483674055437096,
                45.80661858184494
              ],
              [
                25.51763200096596,
                45.80661858184494
              ],
              [
                25.51763200096596,
                45.783842518913
              ],
              [
                25.55158994649483,
                45.783842518913
              ],
              [
                25.55158994649483,
                45.761066455981066
              ],
              [
                25.585547892023694,
                45.761066455981066
              ],
              [
                25.585547892023694,
                45.73829039304913
              ],
              [
                25.61950583755256,
                45.73829039304913
              ],
              [
                25.61950583755256,
                45.71551433011719
              ],
              [
                25.687421728610293,
                45.71551433011719
              ],
              [
                25.687421728610293,
                45.69273826718525
              ],
              [
                25.823253510725756,
                45.69273826718525
              ],
              [
                25.823253510725756,
                45.71551433011719
              ],
              [
                25.925127347312355,
                45.71551433011719
              ],
              [
                25.925127347312355,
                45.73829039304913
              ],
              [
                25.99304323837009,
                45.73829039304913
              ],
              [
                25.99304323837009,
                45.761066455981066
              ],
              [
                26.060959129427822,
                45.761066455981066
              ],
              [
                26.060959129427822,
                45.783842518913
              ],
              [
                26.094917074956687,
                45.783842518913
              ],
              [
                26.094917074956687,
                45.80661858184494
              ],
              [
                26.12887502048555,
                45.80661858184494
              ],
              [
                26.12887502048555,
                45.829394644776876
              ],
              [
                26.196790911543285,
                45.829394644776876
              ],
              [
                26.196790911543285,
                45.852170707708815
              ],
              [
                26.23074885707215,
                45.852170707708815
              ],
              [
                26.23074885707215,
                46.05715527409625
              ],
              [
                26.196790911543285,
                46.05715527409625
              ],
              [
                26.196790911543285,
                46.12548346289207
              ],
              [
                26.16283296601442,
                46.12548346289207
              ],
              [
                26.16283296601442,
                46.148259525824
              ],
              [
                26.12887502048555,
                46.148259525824
              ],
              [
                26.12887502048555,
                46.17103558875594
              ],
              [
                26.094917074956687,
                46.17103558875594
              ],
              [
                26.094917074956687,
                46.19381165168788
              ],
              [
                26.060959129427822,
                46.19381165168788
              ],
              [
                26.060959129427822,
                46.23936377755176
              ],
              [
                26.027001183898953,
                46.23936377755176
              ],
              [
                26.027001183898953,
                46.28491590341563
              ],
              [
                25.99304323837009,
                46.28491590341563
              ],
              [
                25.99304323837009,
                46.37602015514339
              ],
              [
                25.959085292841223,
                46.37602015514339
              ],
              [
                25.959085292841223,
                46.489900469803075
              ],
              [
                25.925127347312355,
                46.489900469803075
              ],
              [
                25.925127347312355,
                46.558228658598885
              ],
              [
                25.89116940178349,
                46.558228658598885
              ],
              [
                25.89116940178349,
                46.603780784462764
              ],
              [
                25.857211456254625,
                46.603780784462764
              ],
              [
                25.857211456254625,
                46.672108973258574
              ],
              [
                25.823253510725756,
                46.672108973258574
              ],
              [
                25.823253510725756,
                46.78598928791826
              ],
              [
                25.78929556519689,
                46.78598928791826
              ],
              [
                25.78929556519689,
                46.8087653508502
              ],
              [
                25.755337619668026,
                46.8087653508502
              ],
              [
                25.755337619668026,
                46.83154141378214
              ],
              [
                25.61950583755256,
                46.83154141378214
              ],
              [
                25.61950583755256,
                46.85431747671408
              ],
              [
                25.245968436735033,
                46.85431747671408
              ],
              [
                25.245968436735033,
                46.83154141378214
              ],
              [
                25.144094600148435,
                46.83154141378214
              ],
              [
                25.144094600148435,
                46.8087653508502
              ],
              [
                25.110136654619566,
                46.8087653508502
              ],
              [
                25.110136654619566,
                46.78598928791826
              ],
              [
                25.0761787090907,
                46.78598928791826
              ],
              [
                25.0761787090907,
                46.649332910326635
              ],
              [
                25.110136654619566,
                46.649332910326635
              ],
              [
                25.110136654619566,
                46.603780784462764
              ],
              [
                25.144094600148435,
                46.603780784462764
              ],
              [
                25.144094600148435,
                46.558228658598885
              ],
              [
                25.1780525456773,
                46.558228658598885
              ],
              [
                25.1780525456773,
                46.512676532735014
              ],
              [
                25.212010491206165,
                46.512676532735014
              ],
              [
                25.212010491206165,
                46.4443483439392
              ],
              [
                25.245968436735033,
                46.4443483439392
              ],
              [
                25.245968436735033,
                46.39879621807532
              ],
              [
                25.2799263822639,
                46.39879621807532
              ],
              [
                25.2799263822639,
                46.35324409221145
              ],
              [
                25.313884327792763,
                46.35324409221145
              ],
              [
                25.313884327792763,
                46.28491590341563
              ],
              [
                25.347842273321632,
                46.28491590341563
              ],
              [
                25.347842273321632,
                46.21658771461982
              ],
              [
                25.381800218850497,
                46.21658771461982
              ],
              [
                25.381800218850497,
                45.98882708530044
              ],
              [
                25.415758164379362,
                45.98882708530044
              ]
            ]
          ],
          [
            [
              [
                23.37828143264739,
                45.305545197342305
              ],
              [
                23.344323487118526,
                45.305545197342305
              ],
              [
                23.344323487118526,
                45.328321260274244
              ],
              [
                23.31036554158966,
                45.328321260274244
              ],
              [
                23.31036554158966,
                45.396649449070054
              ],
              [
                23.276407596060793,
                45.396649449070054
              ],
              [
                23.276407596060793,
                45.46497763786587
              ],
              [
                23.242449650531928,
                45.46497763786587
              ],
              [
                23.242449650531928,
                45.62441007838944
              ],
              [
                23.276407596060793,
                45.62441007838944
              ],
              [
                23.276407596060793,
                45.66996220425331
              ],
              [
                23.31036554158966,
                45.66996220425331
              ],
              [
                23.31036554158966,
                45.69273826718525
              ],
              [
                23.615987051349457,
                45.69273826718525
              ],
              [
                23.615987051349457,
                45.66996220425331
              ],
              [
                23.717860887936055,
                45.66996220425331
              ],
              [
                23.717860887936055,
                45.64718614132137
              ],
              [
                23.75181883346492,
                45.64718614132137
              ],
              [
                23.75181883346492,
                45.62441007838944
              ],
              [
                23.785776778993785,
                45.62441007838944
              ],
              [
                23.785776778993785,
                45.6016340154575
              ],
              [
                23.819734724522654,
                45.6016340154575
              ],
              [
                23.819734724522654,
                45.55608188959362
              ],
              [
                23.85369267005152,
                45.55608188959362
              ],
              [
                23.85369267005152,
                45.305545197342305
              ],
              [
                23.819734724522654,
                45.305545197342305
              ],
              [
                23.819734724522654,
                45.282769134410366
              ],
              [
                23.785776778993785,
                45.282769134410366
              ],
              [
                23.785776778993785,
                45.25999307147843
              ],
              [
                23.717860887936055,
                45.25999307147843
              ],
              [
                23.717860887936055,
                45.237217008546494
              ],
              [
                23.615987051349457,
                45.237217008546494
              ],
              [
                23.615987051349457,
                45.25999307147843
              ],
              [
                23.446197323705125,
                45.25999307147843
              ],
              [
                23.446197323705125,
                45.282769134410366
              ],
              [
                23.37828143264739,
                45.282769134410366
              ],
              [
                23.37828143264739,
                45.305545197342305
              ]
            ]
          ],
          [
            [
              [
                23.37828143264739,
                46.19381165168788
              ],
              [
                23.31036554158966,
                46.19381165168788
              ],
              [
                23.31036554158966,
                46.17103558875594
              ],
              [
                23.276407596060793,
                46.17103558875594
              ],
              [
                23.276407596060793,
                46.148259525824
              ],
              [
                23.242449650531928,
                46.148259525824
              ],
              [
                23.242449650531928,
                46.12548346289207
              ],
              [
                23.174533759474194,
                46.12548346289207
              ],
              [
                23.174533759474194,
                46.10270739996013
              ],
              [
                23.14057581394533,
                46.10270739996013
              ],
              [
                23.14057581394533,
                46.07993133702819
              ],
              [
                23.072659922887595,
                46.07993133702819
              ],
              [
                23.072659922887595,
                46.05715527409625
              ],
              [
                22.970786086300997,
                46.05715527409625
              ],
              [
                22.970786086300997,
                46.07993133702819
              ],
              [
                22.902870195243267,
                46.07993133702819
              ],
              [
                22.902870195243267,
                46.10270739996013
              ],
              [
                22.8689122497144,
                46.10270739996013
              ],
              [
                22.8689122497144,
                46.12548346289207
              ],
              [
                22.834954304185533,
                46.12548346289207
              ],
              [
                22.834954304185533,
                46.2621398404837
              ],
              [
                22.8689122497144,
                46.2621398404837
              ],
              [
                22.8689122497144,
                46.39879621807532
              ],
              [
                22.902870195243267,
                46.39879621807532
              ],
              [
                22.902870195243267,
                46.535452595666946
              ],
              [
                22.936828140772132,
                46.535452595666946
              ],
              [
                22.936828140772132,
                46.6265568473947
              ],
              [
                22.970786086300997,
                46.6265568473947
              ],
              [
                22.970786086300997,
                46.672108973258574
              ],
              [
                23.004744031829865,
                46.672108973258574
              ],
              [
                23.004744031829865,
                46.69488503619051
              ],
              [
                23.03870197735873,
                46.69488503619051
              ],
              [
                23.03870197735873,
                46.71766109912245
              ],
              [
                23.072659922887595,
                46.71766109912245
              ],
              [
                23.072659922887595,
                46.74043716205439
              ],
              [
                23.208491705003063,
                46.74043716205439
              ],
              [
                23.208491705003063,
                46.71766109912245
              ],
              [
                23.242449650531928,
                46.71766109912245
              ],
              [
                23.242449650531928,
                46.69488503619051
              ],
              [
                23.276407596060793,
                46.69488503619051
              ],
              [
                23.276407596060793,
                46.672108973258574
              ],
              [
                23.31036554158966,
                46.672108973258574
              ],
              [
                23.31036554158966,
                46.649332910326635
              ],
              [
                23.344323487118526,
                46.649332910326635
              ],
              [
                23.344323487118526,
                46.6265568473947
              ],
              [
                23.41223937817626,
                46.6265568473947
              ],
              [
                23.41223937817626,
                46.603780784462764
              ],
              [
                23.446197323705125,
                46.603780784462764
              ],
              [
                23.446197323705125,
                46.581004721530824
              ],
              [
                23.48015526923399,
                46.581004721530824
              ],
              [
                23.48015526923399,
                46.4443483439392
              ],
              [
                23.514113214762858,
                46.4443483439392
              ],
              [
                23.514113214762858,
                46.39879621807532
              ],
              [
                23.48015526923399,
                46.39879621807532
              ],
              [
                23.48015526923399,
                46.30769196634757
              ],
              [
                23.446197323705125,
                46.30769196634757
              ],
              [
                23.446197323705125,
                46.2621398404837
              ],
              [
                23.41223937817626,
                46.2621398404837
              ],
              [
                23.41223937817626,
                46.21658771461982
              ],
              [
                23.37828143264739,
                46.21658771461982
              ],
              [
                23.37828143264739,
                46.19381165168788
              ]
            ]
          ],
          [
            [
              [
                22.359543066781406,
                45.05500850509099
              ],
              [
                22.32558512125254,
                45.05500850509099
              ],
              [
                22.32558512125254,
                45.10056063095487
              ],
              [
                22.291627175723676,
                45.10056063095487
              ],
              [
                22.291627175723676,
                45.16888881975068
              ],
              [
                22.32558512125254,
                45.16888881975068
              ],
              [
                22.32558512125254,
                45.214440945614555
              ],
              [
                22.359543066781406,
                45.214440945614555
              ],
              [
                22.359543066781406,
                45.237217008546494
              ],
              [
                22.393501012310274,
                45.237217008546494
              ],
              [
                22.393501012310274,
                45.25999307147843
              ],
              [
                22.42745895783914,
                45.25999307147843
              ],
              [
                22.42745895783914,
                45.282769134410366
              ],
              [
                22.461416903368004,
                45.282769134410366
              ],
              [
                22.461416903368004,
                45.305545197342305
              ],
              [
                22.495374848896873,
                45.305545197342305
              ],
              [
                22.495374848896873,
                45.328321260274244
              ],
              [
                22.529332794425738,
                45.328321260274244
              ],
              [
                22.529332794425738,
                45.35109732320618
              ],
              [
                22.59724868548347,
                45.35109732320618
              ],
              [
                22.59724868548347,
                45.37387338613812
              ],
              [
                22.631206631012336,
                45.37387338613812
              ],
              [
                22.631206631012336,
                45.396649449070054
              ],
              [
                22.6651645765412,
                45.396649449070054
              ],
              [
                22.6651645765412,
                45.41942551200199
              ],
              [
                22.733080467598935,
                45.41942551200199
              ],
              [
                22.733080467598935,
                45.44220157493393
              ],
              [
                22.7670384131278,
                45.44220157493393
              ],
              [
                22.7670384131278,
                45.46497763786587
              ],
              [
                22.80099635865667,
                45.46497763786587
              ],
              [
                22.80099635865667,
                45.48775370079781
              ],
              [
                22.834954304185533,
                45.48775370079781
              ],
              [
                22.834954304185533,
                45.51052976372975
              ],
              [
                22.8689122497144,
                45.51052976372975
              ],
              [
                22.8689122497144,
                45.53330582666168
              ],
              [
                23.004744031829865,
                45.53330582666168
              ],
              [
                23.004744031829865,
                45.51052976372975
              ],
              [
                23.03870197735873,
                45.51052976372975
              ],
              [
                23.03870197735873,
                45.44220157493393
              ],
              [
                23.072659922887595,
                45.44220157493393
              ],
              [
                23.072659922887595,
                45.214440945614555
              ],
              [
                23.03870197735873,
                45.214440945614555
              ],
              [
                23.03870197735873,
                45.14611275681874
              ],
              [
                23.004744031829865,
                45.14611275681874
              ],
              [
                23.004744031829865,
                45.123336693886806
              ],
              [
                22.936828140772132,
                45.123336693886806
              ],
              [
                22.936828140772132,
                45.10056063095487
              ],
              [
                22.902870195243267,
                45.10056063095487
              ],
              [
                22.902870195243267,
                45.07778456802293
              ],
              [
                22.834954304185533,
                45.07778456802293
              ],
              [
                22.834954304185533,
                45.05500850509099
              ],
              [
                22.7670384131278,
                45.05500850509099
              ],
              [
                22.7670384131278,
                45.03223244215905
              ],
              [
                22.631206631012336,
                45.03223244215905
              ],
              [
                22.631206631012336,
                45.00945637922712
              ],
              [
                22.495374848896873,
                45.00945637922712
              ],
              [
                22.495374848896873,
                45.03223244215905
              ],
              [
                22.359543066781406,
                45.03223244215905
              ],
              [
                22.359543066781406,
                45.05500850509099
              ]
            ]
          ]
        ]
      }
    },
    {
      "type": "Feature",
      "properties": {
        "zone": "V",
        "design_temperature_c": -24,
        "fill": "#4A68B7"
      },
      "geometry": {
        "type": "MultiPolygon",
        "coordinates": [
          [
            [
              [
                25.78929556519689,
                46.78598928791826
              ],
              [
                25.823253510725756,
                46.78598928791826
              ],
              [
                25.823253510725756,
                46.672108973258574
              ],
              [
                25.857211456254625,
                46.672108973258574
              ],
              [
                25.857211456254625,
                46.603780784462764
              ],
              [
                25.89116940178349,
                46.603780784462764
              ],
              [
                25.89116940178349,
                46.558228658598885
              ],
              [
                25.925127347312355,
                46.558228658598885
              ],
              [
                25.925127347312355,
                46.489900469803075
              ],
              [
                25.959085292841223,
                46.489900469803075
              ],
              [
                25.959085292841223,
                46.37602015514339
              ],
              [
                25.99304323837009,
                46.37602015514339
              ],
              [
                25.99304323837009,
                46.28491590341563
              ],
              [
                26.027001183898953,
                46.28491590341563
              ],
              [
                26.027001183898953,
                46.23936377755176
              ],
              [
                26.060959129427822,
                46.23936377755176
              ],
              [
                26.060959129427822,
                46.19381165168788
              ],
              [
                26.094917074956687,
                46.19381165168788
              ],
              [
                26.094917074956687,
                46.17103558875594
              ],
              [
                26.12887502048555,
                46.17103558875594
              ],
              [
                26.12887502048555,
                46.148259525824
              ],
              [
                26.16283296601442,
                46.148259525824
              ],
              [
                26.16283296601442,
                46.12548346289207
              ],
              [
                26.196790911543285,
                46.12548346289207
              ],
              [
                26.196790911543285,
                46.05715527409625
              ],
              [
                26.23074885707215,
                46.05715527409625
              ],
              [
                26.23074885707215,
                45.852170707708815
              ],
              [
                26.196790911543285,
                45.852170707708815
              ],
              [
                26.196790911543285,
                45.829394644776876
              ],
              [
                26.12887502048555,
                45.829394644776876
              ],
              [
                26.12887502048555,
                45.80661858184494
              ],
              [
                26.094917074956687,
                45.80661858184494
              ],
              [
                26.094917074956687,
                45.783842518913
              ],
              [
                26.060959129427822,
                45.783842518913
              ],
              [
                26.060959129427822,
                45.761066455981066
              ],
              [
                25.99304323837009,
                45.761066455981066
              ],
              [
                25.99304323837009,
                45.73829039304913
              ],
              [
                25.925127347312355,
                45.73829039304913
              ],
              [
                25.925127347312355,
                45.71551433011719
              ],
              [
                25.823253510725756,
                45.71551433011719
              ],
              [
                25.823253510725756,
                45.69273826718525
              ],
              [
                25.687421728610293,
                45.69273826718525
              ],
              [
                25.687421728610293,
                45.71551433011719
              ],
              [
                25.61950583755256,
                45.71551433011719
              ],
              [
                25.61950583755256,
                45.73829039304913
              ],
              [
                25.585547892023694,
                45.73829039304913
              ],
              [
                25.585547892023694,
                45.761066455981066
              ],
              [
                25.55158994649483,
                45.761066455981066
              ],
              [
                25.55158994649483,
                45.783842518913
              ],
              [
                25.51763200096596,
                45.783842518913
              ],
              [
                25.51763200096596,
                45.80661858184494
              ],
              [
                25.483674055437096,
                45.80661858184494
              ],
              [
                25.483674055437096,
                45.829394644776876
              ],
              [
                25.44971610990823,
                45.829394644776876
              ],
              [
                25.44971610990823,
                45.874946770640754
              ],
              [
                25.415758164379362,
                45.874946770640754
              ],
              [
                25.415758164379362,
                45.98882708530044
              ],
              [
                25.381800218850497,
                45.98882708530044
              ],
              [
                25.381800218850497,
                46.21658771461982
              ],
              [
                25.347842273321632,
                46.21658771461982
              ],
              [
                25.347842273321632,
                46.28491590341563
              ],
              [
                25.313884327792763,
                46.28491590341563
              ],
              [
                25.313884327792763,
                46.35324409221145
              ],
              [
                25.2799263822639,
                46.35324409221145
              ],
              [
                25.2799263822639,
                46.39879621807532
              ],
              [
                25.245968436735033,
                46.39879621807532
              ],
              [
                25.245968436735033,
                46.4443483439392
              ],
              [
                25.212010491206165,
                46.4443483439392
              ],
              [
                25.212010491206165,
                46.512676532735014
              ],
              [
                25.1780525456773,
                46.512676532735014
              ],
              [
                25.1780525456773,
                46.558228658598885
              ],
              [
                25.144094600148435,
                46.558228658598885
              ],
              [
                25.144094600148435,
                46.603780784462764
              ],
              [
                25.110136654619566,
                46.603780784462764
              ],
              [
                25.110136654619566,
                46.649332910326635
              ],
              [
                25.0761787090907,
                46.649332910326635
              ],
              [
                25.0761787090907,
                46.78598928791826
              ],
              [
                25.110136654619566,
                46.78598928791826
              ],
              [
                25.110136654619566,
                46.8087653508502
              ],
              [
                25.144094600148435,
                46.8087653508502
              ],
              [
                25.144094600148435,
                46.83154141378214
              ],
              [
                25.245968436735033,
                46.83154141378214
              ],
              [
                25.245968436735033,
                46.85431747671408
              ],
              [
                25.61950583755256,
                46.85431747671408
              ],
              [
                25.61950583755256,
                46.83154141378214
              ],
              [
                25.755337619668026,
                46.83154141378214
              ],
              [
                25.755337619668026,
                46.8087653508502
              ],
              [
                25.78929556519689,
                46.8087653508502
              ],
              [
                25.78929556519689,
                46.78598928791826
              ]
            ]
          ],
          [
            [
              [
                25.245968436735033,
                45.62441007838944
              ],
              [
                25.2799263822639,
                45.62441007838944
              ],
              [
                25.2799263822639,
                45.64718614132137
              ],
              [
                25.44971610990823,
                45.64718614132137
              ],
              [
                25.44971610990823,
                45.62441007838944
              ],
              [
                25.483674055437096,
                45.62441007838944
              ],
              [
                25.483674055437096,
                45.6016340154575
              ],
              [
                25.245968436735033,
                45.6016340154575
              ],
              [
                25.245968436735033,
                45.62441007838944
              ]
            ]
          ],
          [
            [
              [
                24.498893635099975,
                47.173182357761206
              ],
              [
                24.430977744042245,
                47.173182357761206
              ],
              [
                24.430977744042245,
                47.195958420693145
              ],
              [
                24.329103907455647,
                47.195958420693145
              ],
              [
                24.329103907455647,
                47.173182357761206
              ],
              [
                24.227230070869048,
                47.173182357761206
              ],
              [
                24.227230070869048,
                47.195958420693145
              ],
              [
                24.19327212534018,
                47.195958420693145
              ],
              [
                24.19327212534018,
                47.218734483625084
              ],
              [
                24.227230070869048,
                47.218734483625084
              ],
              [
                24.227230070869048,
                47.24151054655702
              ],
              [
                24.261188016397913,
                47.24151054655702
              ],
              [
                24.261188016397913,
                47.218734483625084
              ],
              [
                24.430977744042245,
                47.218734483625084
              ],
              [
                24.430977744042245,
                47.24151054655702
              ],
              [
                24.498893635099975,
                47.24151054655702
              ],
              [
                24.498893635099975,
                47.173182357761206
              ]
            ]
          ],
          [
            [
              [
                23.887650615580384,
                47.58315149053609
              ],
              [
                24.09139828875358,
                47.58315149053609
              ],
              [
                24.09139828875358,
                47.56037542760415
              ],
              [
                24.227230070869048,
                47.56037542760415
              ],
              [
                24.227230070869048,
                47.53759936467221
              ],
              [
                23.887650615580384,
                47.53759936467221
              ],
              [
                23.887650615580384,
                47.58315149053609
              ]
            ]
          ]
        ]
      }
    }
  ]
}